datetime,model,scene,case,northern_flow,sac_flow,sjr_flow,exports,cu_total,cu_delta,cu_suisun,ndo,dcc,smscg,vern_ec,mrz_tidal_energy,mrz_tidal_filter,sf_tidal_energy,sf_tidal_filter,anc,anh,bac,bdl,bdt,bet,cll,cse,dsj,emm2,frk,god,gys,gzl,hll,hol2,ibs,jer,mal,mrz,mtz,nsl2,obi,oh4,old,pct,ppt,rri2,rsl,sal,snc,srv,sss,tms,trp,tss,uni,vcu,vol,wci,x2
2005-04-01,dsm2,base,66,37295.51,33831.90,14391.67,6047.65,1206.58,874.51,332.07,44432.95,0.00,0.00,248.80,2.88,3.50,3.01,3.07,257.94,257.94,456.75,284.00,248.31,345.76,190.93,190.93,351.55,166.73,384.66,965.25,1239.81,427.44,434.61,429.79,869.09,261.86,198.53,3161.52,392.97,194.03,455.51,290.02,257.60,443.88,300.36,249.09,447.66,242.61,691.41,154.49,141.93,199.57,266.46,215.01,249.34,418.26,545.63,252.04,53.80
2005-04-02,dsm2,base,66,33968.47,30747.60,14325.00,5457.00,830.05,521.76,308.29,42006.42,0.00,0.00,230.17,2.66,3.77,2.88,3.22,257.43,257.43,444.63,286.02,244.65,344.40,197.40,197.40,353.56,170.98,373.46,823.65,1137.80,539.26,428.07,424.30,874.76,259.43,207.47,4149.47,413.77,197.18,443.99,302.59,259.39,717.54,279.83,256.60,455.44,225.48,654.72,153.52,139.99,194.00,268.90,211.72,243.73,400.46,535.33,258.53,53.80
2005-04-03,dsm2,base,66,30997.25,27889.20,14395.83,6974.00,-190.07,-208.65,18.58,38609.16,0.00,0.00,225.33,2.73,3.99,3.09,3.37,257.91,257.91,440.14,286.41,229.14,340.74,201.50,201.50,356.16,172.24,363.23,754.38,1038.62,684.25,422.14,417.62,892.28,254.34,216.46,5074.99,453.61,203.23,439.71,308.08,238.52,963.64,267.39,238.91,460.77,214.53,615.31,151.80,143.61,190.48,243.29,205.58,229.66,388.46,519.68,252.40,54.40
2005-04-04,dsm2,base,66,28743.62,25534.80,14279.17,7755.00,44.60,-83.15,127.75,35223.19,0.00,0.00,232.78,2.92,4.12,3.33,3.42,256.93,256.93,435.00,289.95,228.77,338.33,204.00,204.00,362.01,172.13,365.41,731.90,961.62,848.34,416.29,412.65,896.11,248.37,225.94,5863.09,543.35,210.00,434.13,307.86,235.61,1140.56,262.09,229.49,467.69,208.91,587.18,154.28,154.47,191.43,234.50,204.15,230.64,371.11,507.15,238.69,54.40
2005-04-05,dsm2,base,66,27140.18,23382.00,14058.33,7651.00,995.46,773.86,221.60,32552.04,0.00,0.00,230.10,3.02,4.10,3.37,3.52,253.01,253.01,432.43,298.06,237.29,328.63,206.87,206.87,362.19,174.03,349.02,710.89,887.60,1131.25,402.49,398.87,900.18,243.67,257.23,6455.52,686.47,215.63,432.35,357.48,249.96,1415.90,255.14,238.83,478.02,206.49,553.27,160.88,160.33,193.21,257.38,203.42,237.97,351.86,496.29,255.99,58.00
2005-04-06,dsm2,base,66,25784.97,22086.00,13683.33,8194.00,725.65,497.89,227.76,30548.66,0.00,0.00,232.67,3.15,3.96,3.43,3.37,251.41,251.41,432.29,313.02,238.33,322.83,209.81,209.81,357.84,178.04,346.75,723.57,831.61,1342.11,393.94,390.43,894.48,239.78,284.84,6570.62,839.98,221.06,432.42,380.67,254.51,1438.17,249.73,243.96,488.20,207.37,576.74,166.34,167.06,195.29,262.23,202.79,239.05,357.36,495.42,256.99,58.00
2005-04-07,dsm2,base,66,25056.99,21330.90,12750.00,8441.00,106.06,57.07,48.99,29259.93,0.00,0.00,236.32,3.23,3.77,3.42,3.12,249.47,249.47,430.63,333.74,241.17,318.44,211.88,211.88,354.87,182.30,342.71,763.72,802.88,1480.02,384.57,381.24,881.63,237.44,299.93,6285.74,948.51,226.09,431.79,409.32,260.15,1333.15,244.96,245.13,496.79,209.25,605.72,170.65,170.34,197.51,264.90,203.38,242.05,364.61,505.67,273.10,56.60
2005-04-08,dsm2,base,66,24141.58,20043.90,11483.33,8123.00,-975.25,-1024.37,49.12,28477.16,0.00,0.00,228.20,3.41,3.62,3.64,2.93,246.98,246.98,427.25,362.52,235.52,313.88,214.61,214.61,349.07,185.22,336.79,807.33,794.52,1583.65,375.55,371.64,863.49,236.68,315.22,6124.90,1049.87,229.61,428.41,434.56,262.03,1348.06,242.45,246.63,503.59,210.32,627.04,173.88,169.48,199.80,267.47,205.08,236.33,374.18,518.50,302.34,54.40
2005-04-09,dsm2,base,66,24229.66,20042.10,10987.50,7887.00,-258.46,-541.62,283.16,27588.62,0.00,0.00,244.96,3.51,3.50,3.70,2.77,245.63,245.63,423.27,394.07,240.14,309.41,217.08,217.08,345.78,188.12,331.45,857.34,807.99,1607.54,368.88,365.48,831.81,237.09,317.10,5844.28,1110.62,229.39,425.08,449.41,265.97,1309.65,242.49,235.98,509.40,210.35,636.26,175.74,168.19,202.07,280.79,207.91,243.93,391.73,533.41,287.64,54.40
2005-04-10,dsm2,base,66,23927.91,20530.80,10304.17,7858.00,261.93,-55.27,317.20,26112.15,0.00,0.00,262.40,3.39,3.38,3.59,2.77,244.50,244.50,414.29,434.09,261.87,303.40,222.34,222.34,342.66,190.86,322.55,911.49,835.16,1718.28,358.96,355.60,799.83,238.18,343.84,5814.27,1195.79,236.30,416.37,464.81,292.39,1396.11,243.00,254.13,514.60,210.70,668.18,176.63,170.69,204.35,305.49,210.28,263.87,413.80,550.92,321.25,54.40
2005-04-11,dsm2,base,66,25095.90,22022.10,9983.33,7854.00,64.92,-185.11,250.03,27160.31,0.00,0.00,260.07,3.29,3.25,3.48,2.64,244.46,244.46,402.76,470.59,271.84,298.07,227.68,227.68,339.38,191.94,312.77,955.42,868.60,1784.55,348.27,344.50,765.82,238.75,359.88,5872.15,1270.83,244.06,404.36,474.13,310.55,1432.89,244.31,273.42,518.68,211.45,684.81,177.33,170.45,204.64,324.68,211.26,272.54,446.91,565.00,344.22,55.40
2005-04-12,dsm2,base,66,25919.32,23052.60,9967.50,7827.00,-316.51,-521.44,204.93,28376.32,0.00,0.00,261.82,3.10,3.22,3.23,2.62,244.36,244.36,391.99,501.29,269.87,293.56,226.48,226.48,337.39,191.58,305.14,992.42,903.30,1806.33,339.02,335.25,737.97,238.96,357.68,5902.73,1313.23,247.90,393.41,476.53,307.21,1420.14,245.67,277.85,521.69,212.83,680.16,177.18,160.88,203.93,337.16,210.93,270.87,468.61,578.87,353.32,55.20
2005-04-13,dsm2,base,66,24724.88,22025.70,10595.83,7548.00,-239.89,-522.94,283.05,28012.61,0.00,0.00,264.48,2.84,3.33,2.87,2.80,243.75,243.75,381.85,522.66,271.07,287.66,223.21,223.21,333.27,190.58,297.80,1018.16,931.46,1773.12,329.63,327.03,711.92,238.81,341.72,6251.34,1306.44,245.98,382.96,472.53,302.00,1478.66,248.99,275.81,524.15,213.88,675.81,172.98,155.83,202.44,334.51,209.78,272.33,467.11,592.58,365.84,57.40
2005-04-14,dsm2,base,66,23774.61,20988.90,9785.83,7787.00,52.45,-333.90,386.35,25720.99,0.00,0.00,261.27,2.36,3.45,2.30,3.05,242.04,242.04,367.89,547.25,272.14,281.79,223.73,223.73,329.77,188.56,287.86,1038.06,959.36,1837.34,319.11,316.47,702.64,238.37,358.57,7175.36,1328.63,245.23,368.58,459.55,305.85,1747.61,253.17,276.94,525.27,214.20,672.50,169.40,155.44,199.66,317.56,206.65,273.03,455.40,601.53,368.05,59.60
2005-04-15,dsm2,base,66,23490.42,20668.50,9230.00,8372.00,432.56,39.14,393.42,23915.86,0.00,0.00,252.46,1.95,3.56,1.89,3.23,241.26,241.26,351.22,556.08,268.71,278.63,220.88,220.88,327.67,185.54,280.60,1051.14,982.31,1918.59,309.77,307.48,699.41,237.51,343.65,7890.82,1339.06,243.60,352.18,444.96,312.01,1946.69,258.41,277.64,525.71,214.78,664.82,168.37,154.45,196.39,315.19,206.39,269.18,439.93,604.82,363.74,59.60
2005-04-16,dsm2,base,66,22847.70,19956.60,9005.83,7954.00,649.91,251.78,398.13,23249.62,0.00,0.00,278.99,1.77,3.73,1.66,3.36,240.91,240.91,334.25,555.59,271.85,272.71,217.87,217.87,328.32,183.39,270.94,1066.14,999.54,2052.88,298.82,296.17,705.53,236.94,348.37,8632.71,1349.14,241.24,335.04,418.27,305.11,2268.66,260.63,273.44,525.72,214.77,691.79,167.45,159.28,195.04,314.51,204.44,275.01,424.60,607.45,348.15,61.40
2005-04-17,dsm2,base,66,22501.13,19576.80,8919.58,5931.00,550.46,201.48,348.98,24939.25,0.00,0.00,274.03,1.67,3.96,1.55,3.58,240.34,240.34,332.41,558.56,288.07,271.94,215.04,215.04,328.85,182.18,269.92,1084.85,1015.60,2190.89,296.03,293.06,708.94,236.01,345.47,9303.77,1417.54,239.35,333.10,407.14,327.41,2396.58,265.09,281.88,525.16,215.46,705.87,169.04,160.61,194.64,322.89,206.10,288.84,425.81,612.73,349.01,63.20
2005-04-18,dsm2,base,66,21888.17,19028.70,8729.58,4379.00,430.10,54.40,375.70,25808.65,0.00,0.00,270.00,1.55,4.16,1.45,3.87,238.59,238.59,332.67,568.52,282.25,271.45,217.23,217.23,326.53,182.70,271.64,1122.69,1033.45,2483.81,295.27,293.42,726.20,234.89,367.82,10114.83,1552.42,240.31,333.50,406.14,322.60,2673.13,269.00,291.36,524.09,216.20,804.57,170.49,163.00,196.39,324.11,208.46,283.18,430.46,618.39,309.83,63.20
2005-04-19,dsm2,base,66,21129.73,18378.90,8662.08,4527.00,647.32,244.99,402.33,24617.49,0.00,0.00,270.26,1.75,4.29,1.68,3.96,238.44,238.44,332.27,584.93,279.01,270.06,220.98,220.98,323.60,183.88,272.31,1182.12,1058.11,2786.40,294.29,292.26,749.87,233.40,403.81,11011.40,1736.75,246.33,333.23,415.91,319.59,2895.60,270.92,286.02,522.09,216.57,913.52,171.70,163.72,199.05,314.76,209.68,280.34,435.27,627.55,307.92,63.20
2005-04-20,dsm2,base,66,20050.15,17413.20,8567.08,4479.00,796.93,426.12,370.81,23341.31,0.00,0.00,276.11,2.06,4.34,1.97,3.93,238.99,238.99,336.00,608.95,280.86,268.24,227.70,227.70,317.68,184.77,274.44,1273.31,1095.57,3105.44,294.25,292.50,779.76,232.23,457.40,11404.62,1980.63,255.73,337.13,419.37,318.57,2914.47,272.78,283.48,518.42,217.37,979.31,172.55,166.16,200.80,316.42,210.01,282.82,436.65,637.54,302.42,63.20
2005-04-21,dsm2,base,66,19065.23,16566.30,8372.92,4470.00,1034.70,595.35,439.35,21933.45,0.00,0.00,271.70,2.40,4.24,2.24,3.93,239.28,239.28,341.52,652.83,284.05,267.64,240.25,240.25,311.70,186.61,275.91,1383.04,1152.72,3400.68,295.42,293.36,812.56,231.73,524.41,11630.41,2260.95,271.79,343.15,422.71,323.31,3023.49,274.30,285.77,512.68,218.27,1097.10,173.98,166.06,201.71,331.22,210.13,284.78,437.45,652.96,309.90,63.20
2005-04-22,dsm2,base,66,18448.68,15993.90,8128.33,4182.00,1109.06,738.71,370.35,21285.95,0.00,0.00,270.40,2.51,4.08,2.65,3.68,239.32,239.32,354.93,717.91,280.48,268.03,252.80,252.80,306.87,188.97,279.38,1513.47,1225.20,3592.62,300.11,298.00,833.95,231.48,581.09,10958.53,2465.30,288.79,356.24,415.85,321.06,2975.37,277.28,287.65,504.84,219.76,1190.56,175.05,164.52,203.53,336.40,210.98,281.62,436.04,670.75,306.96,63.20
2005-04-23,dsm2,base,66,17173.20,14686.20,7974.58,3998.00,136.25,9.76,126.49,21013.53,0.00,0.00,282.10,2.78,3.90,3.12,3.37,238.71,238.71,379.11,788.56,281.35,270.53,258.64,258.64,301.77,190.92,286.76,1621.97,1310.05,3665.86,312.28,309.17,834.15,231.17,581.62,10527.09,2594.80,303.23,380.15,378.47,318.27,2721.25,281.06,284.48,496.26,221.91,1248.69,174.72,164.39,204.55,324.36,211.33,284.18,427.08,693.79,293.84,63.20
2005-04-24,dsm2,base,66,17216.90,14708.70,7809.17,3974.00,379.72,70.17,309.55,20672.34,0.00,0.00,279.20,3.16,3.85,3.66,3.32,237.74,237.74,392.94,830.57,284.77,273.09,261.20,261.20,300.85,192.17,293.92,1729.49,1398.87,3595.83,323.13,319.58,826.81,231.71,576.36,9788.68,2609.68,312.48,393.39,366.09,320.05,2547.77,283.83,286.27,488.45,223.73,1278.39,174.34,161.47,204.90,305.34,211.26,286.10,424.32,717.71,294.98,63.20
2005-04-25,dsm2,base,66,16218.44,13767.30,7579.58,3906.00,1019.28,671.44,347.84,18872.74,0.00,0.00,281.30,3.44,3.91,4.20,3.33,237.13,237.13,392.02,903.66,284.71,274.15,281.15,281.15,301.45,193.75,295.32,1871.53,1504.72,3685.98,325.16,322.07,830.94,232.65,649.76,9778.06,2681.59,332.17,393.05,382.54,320.35,2880.28,283.21,288.68,480.82,224.51,1348.34,174.57,160.86,205.42,305.34,211.99,286.73,430.55,762.35,297.63,63.20
2005-04-26,dsm2,base,66,16128.71,13702.50,7194.17,3756.00,1174.45,791.30,383.15,18392.42,0.00,0.00,284.20,3.61,3.97,4.56,3.37,237.44,237.44,388.69,1026.68,289.80,274.34,321.45,321.45,299.94,196.59,294.69,2009.73,1630.93,3914.00,324.66,321.09,872.53,233.74,783.81,10250.26,2879.32,376.65,389.89,399.14,326.81,3316.06,280.97,292.13,474.00,225.01,1442.01,174.92,162.16,206.04,315.34,212.63,291.54,434.65,819.00,306.44,63.20
2005-04-27,dsm2,base,66,15971.55,13543.20,7006.67,2822.00,648.33,364.37,283.96,19507.88,0.00,0.00,283.80,3.63,3.98,4.66,3.35,239.38,239.38,382.19,1148.81,292.29,273.74,379.03,379.03,296.11,199.73,291.29,2169.50,1768.09,4194.52,320.46,317.78,945.09,234.68,965.05,10739.36,3125.17,437.68,383.20,417.66,326.51,3723.49,278.30,296.30,469.66,225.15,1622.72,175.07,162.69,206.81,335.16,213.01,293.81,438.84,877.46,324.15,63.60
2005-04-28,dsm2,base,66,15991.63,13383.90,6927.50,2750.00,-414.23,-460.48,46.25,20583.36,0.00,0.00,284.60,3.52,4.01,4.39,3.38,242.12,242.12,387.45,1241.66,288.00,274.64,405.39,405.39,297.83,201.67,293.54,2327.50,1901.45,4385.82,324.76,321.66,1015.67,235.31,1051.09,10943.10,3311.02,495.76,387.88,412.74,320.82,3929.94,277.74,297.31,468.12,225.74,1753.47,175.55,163.17,206.18,327.48,212.42,290.07,442.62,933.50,320.22,64.00
2005-04-29,dsm2,base,66,16782.49,14170.50,6882.92,2715.00,994.38,711.40,282.98,19956.02,0.00,0.00,282.90,3.31,4.12,3.97,3.54,243.67,243.67,387.40,1309.56,285.96,275.36,414.49,414.49,306.94,203.38,293.66,2453.07,2028.28,4475.85,324.48,321.52,1084.25,236.25,1087.95,11168.11,3385.44,526.81,388.23,424.47,319.03,4124.47,278.33,293.43,469.74,226.69,1850.04,176.76,163.98,206.92,316.08,213.14,287.12,450.72,994.68,317.24,66.20
2005-04-30,dsm2,base,66,16900.25,14338.80,6940.83,2719.00,837.65,630.16,207.49,20284.44,0.00,0.00,270.00,3.06,4.24,3.52,3.77,245.71,245.71,394.54,1385.25,288.28,278.29,436.12,436.12,313.65,204.69,296.42,2581.59,2160.27,4619.69,328.27,325.15,1176.92,237.62,1147.19,11813.11,3484.41,556.95,395.84,414.26,334.09,4393.29,278.40,293.13,473.69,228.55,1996.05,178.14,152.89,207.90,321.76,214.08,289.94,452.76,1053.93,306.26,66.20
2005-05-01,dsm2,base,66,16487.43,13939.20,7370.00,2499.00,881.10,615.37,265.73,20477.32,0.00,0.00,262.50,2.88,4.26,3.11,3.86,246.14,246.14,405.40,1435.57,279.93,280.62,434.93,434.93,315.11,204.79,301.67,2698.59,2274.61,4757.96,335.61,333.10,1299.56,238.58,1151.43,12318.83,3585.16,571.30,406.53,393.43,332.30,4583.96,281.08,294.34,477.98,229.69,2130.72,176.77,150.47,208.77,331.47,216.29,279.83,448.14,1116.43,302.99,66.20
2005-05-02,dsm2,base,66,16345.00,13778.10,7737.50,2354.55,959.88,689.46,270.42,20768.07,0.00,0.00,261.70,2.75,4.26,2.87,3.89,243.78,243.78,419.56,1470.84,271.48,285.09,409.46,409.46,316.00,203.22,311.66,2756.28,2382.78,4802.01,348.60,344.79,1368.34,239.42,1051.36,12174.41,3625.37,571.95,421.07,355.26,318.56,4349.79,286.26,286.56,482.71,230.20,2351.09,171.35,152.70,209.90,326.35,217.97,272.50,417.77,1150.03,292.70,66.20
2005-05-03,dsm2,base,66,15318.58,12781.80,7802.50,2402.58,1100.87,706.30,394.57,19617.62,0.00,0.00,250.00,2.71,4.21,2.76,3.81,243.39,243.39,424.11,1516.22,267.65,288.49,391.13,391.13,313.80,201.60,318.55,2820.83,2501.66,4823.44,356.15,352.67,1415.58,239.85,999.25,11948.96,3665.09,567.45,425.19,336.50,312.16,4161.01,289.62,278.15,487.29,230.57,2354.30,168.68,152.05,210.17,317.49,217.42,267.68,389.42,1183.92,283.43,65.80
2005-05-04,dsm2,base,66,15238.56,12718.80,7525.00,1815.38,-200.58,-296.67,96.09,21148.76,0.00,0.00,231.30,2.78,4.12,2.82,3.75,244.02,244.02,422.61,1573.31,254.83,293.44,382.25,382.25,309.44,200.32,327.26,2896.30,2594.76,4816.23,367.82,363.37,1449.16,240.04,964.05,11407.97,3695.91,565.98,422.76,308.71,303.53,3820.62,293.31,273.40,487.48,231.03,2401.26,167.71,152.75,210.37,314.83,217.78,254.16,341.67,1217.32,276.01,64.00
2005-05-05,dsm2,base,66,17093.89,14490.00,7556.67,3932.35,-577.26,-718.11,140.85,21295.47,0.00,0.00,222.10,2.90,4.05,3.13,3.63,244.46,244.46,411.71,1620.60,233.11,300.02,365.03,365.03,310.99,199.35,334.47,2967.00,2666.17,4766.03,372.91,369.23,1435.28,241.01,919.70,10871.47,3714.50,559.16,411.65,297.32,280.53,3564.29,295.90,259.86,488.49,231.50,2428.77,167.22,154.68,210.59,288.38,217.99,233.68,315.55,1238.08,261.13,63.20
2005-05-06,dsm2,base,66,16209.76,13230.00,7859.17,2813.37,246.34,11.95,234.39,21009.22,0.00,0.00,232.10,3.04,4.02,3.50,3.45,245.72,245.72,402.35,1677.97,227.40,302.10,360.02,360.02,316.70,198.19,334.14,3049.33,2733.13,4682.01,370.07,365.59,1429.19,242.43,906.86,10570.20,3694.76,537.99,402.21,298.95,261.16,3416.83,295.53,237.44,492.20,231.76,2451.82,167.35,157.22,210.23,270.05,218.40,230.35,320.49,1276.46,244.79,63.20
2005-05-07,dsm2,base,66,16495.78,13680.00,8116.25,2611.61,663.22,390.30,272.92,21337.20,0.00,0.00,247.10,3.19,4.02,3.85,3.48,246.89,246.89,392.38,1738.74,245.60,305.00,370.87,370.87,320.93,198.44,336.19,3118.65,2806.20,4613.11,368.35,366.05,1447.44,244.27,906.40,10446.55,3719.18,525.09,392.46,278.01,275.55,3357.02,294.95,235.32,496.11,233.18,2492.10,169.26,157.37,211.55,277.05,219.55,248.23,300.31,1314.20,247.54,63.20
2005-05-08,dsm2,base,66,18017.96,15300.00,8309.17,2466.67,-1230.69,-1180.45,-50.24,25091.14,0.00,0.00,242.50,3.34,4.03,4.33,3.41,248.44,248.44,382.65,1814.74,252.56,308.70,371.86,371.86,323.75,199.47,338.38,3166.25,2861.71,4575.54,369.58,366.48,1537.33,246.08,912.83,10391.00,3687.26,497.76,382.40,271.88,285.96,3374.47,293.21,254.37,498.62,233.85,2502.72,170.21,160.74,212.38,286.07,219.91,253.33,279.89,1360.65,262.26,63.20
2005-05-09,dsm2,base,66,21993.54,17910.00,8508.33,2467.70,-1096.78,-1089.19,-7.59,29130.95,0.00,0.00,222.00,3.25,4.00,4.29,3.20,249.74,249.74,371.97,1854.54,238.65,310.62,351.27,351.27,325.82,198.69,338.96,3185.90,2922.07,4411.99,367.15,365.10,1598.01,248.01,868.02,10221.52,3601.76,527.34,370.92,278.45,277.72,3277.08,290.28,254.41,501.33,233.17,2518.98,170.39,171.86,211.65,278.94,219.58,239.09,278.28,1404.66,262.52,63.20
2005-05-10,dsm2,base,66,23691.76,19530.00,8731.25,2693.48,356.38,76.60,279.78,29373.15,0.00,0.00,210.42,3.30,3.91,4.02,3.27,250.61,250.61,362.74,1856.00,226.18,311.15,329.15,329.15,330.15,196.39,336.80,3162.56,2967.23,4183.86,363.37,361.61,1678.16,249.74,775.45,9701.06,3437.27,516.03,361.80,281.76,272.49,3029.03,286.12,240.01,500.08,232.64,2533.94,174.06,165.98,210.36,282.24,219.87,227.15,279.06,1429.62,251.96,63.20
2005-05-11,dsm2,base,66,27069.04,23490.00,8760.00,2672.78,628.94,358.27,270.67,32527.32,0.00,0.00,210.20,3.28,3.82,3.73,3.20,250.17,250.17,358.09,1829.89,222.48,311.52,290.97,290.97,334.99,194.25,334.72,3108.06,2997.98,3814.53,358.79,356.97,1690.97,250.71,654.32,9197.87,3209.19,470.12,357.57,279.56,273.99,2693.40,282.59,232.83,492.01,231.54,2478.65,174.06,163.73,209.11,290.62,218.51,223.44,280.27,1471.51,247.12,63.20
2005-05-12,dsm2,base,66,34747.05,31500.00,8705.83,3755.93,749.99,442.72,307.27,38946.96,0.00,0.00,196.45,3.04,3.69,3.32,3.10,250.09,250.09,357.27,1760.87,217.83,311.52,256.78,256.78,338.00,191.11,332.31,3005.19,2994.51,3325.85,355.44,354.04,1710.16,251.46,509.28,8170.84,2867.96,410.42,357.02,277.50,273.82,2313.79,280.30,231.12,479.91,229.54,2405.09,170.50,149.18,206.94,289.27,217.01,217.83,279.60,1478.20,246.13,60.80
2005-05-13,dsm2,base,66,37680.33,34650.00,8747.50,2484.70,1011.31,579.96,431.35,42931.82,0.00,0.00,199.55,2.73,3.55,2.75,3.03,250.43,250.43,357.59,1637.93,209.14,310.82,227.28,227.28,339.07,183.15,330.31,2867.26,2982.65,2745.30,354.03,352.50,1696.15,250.53,370.06,7112.74,2457.35,333.42,357.30,274.77,263.32,1713.00,279.81,223.95,463.67,225.73,2322.30,157.56,127.66,201.05,285.37,211.65,210.52,277.53,1469.33,240.43,59.60
2005-05-14,dsm2,base,66,39933.28,36900.00,8828.75,2710.08,1164.46,704.63,459.83,44887.49,0.00,0.00,188.85,2.32,3.42,2.18,2.94,250.74,250.74,355.40,1487.66,207.81,311.08,209.54,209.54,339.47,167.66,330.15,2725.44,2949.65,2153.16,354.00,352.18,1645.15,247.77,277.84,6201.46,2024.14,273.26,355.05,266.43,260.99,1259.69,278.78,217.94,448.82,219.55,2221.40,142.72,124.41,189.05,279.08,202.30,208.05,264.33,1461.61,231.69,55.20
2005-05-15,dsm2,base,66,40288.68,37260.00,8838.33,2913.05,698.98,312.90,386.08,45514.98,0.00,0.00,180.77,1.89,3.35,1.75,2.96,249.05,249.05,351.02,1312.59,196.45,312.24,194.25,194.25,340.12,151.95,330.85,2616.35,2890.43,1627.97,354.33,353.20,1617.72,242.87,230.39,5400.79,1652.16,232.01,350.92,256.78,246.76,935.35,277.95,213.15,439.35,213.94,2124.32,138.72,127.24,177.86,274.03,196.50,196.70,256.27,1437.63,221.94,54.40
2005-05-16,dsm2,base,66,40622.89,36990.00,8680.42,2654.75,640.87,276.15,364.72,46007.69,0.00,0.00,180.32,1.59,3.40,1.42,3.05,245.44,245.44,343.03,1151.62,189.44,312.98,182.90,182.90,340.57,146.87,331.81,2531.62,2810.27,1252.85,354.34,352.93,1612.28,236.85,207.38,4835.94,1377.80,209.01,342.37,239.77,232.54,716.10,274.92,201.51,434.06,209.87,1884.13,137.96,127.86,174.12,260.13,194.01,190.35,244.31,1415.06,207.14,54.40
2005-05-17,dsm2,base,66,40270.81,36360.00,8695.00,2633.54,710.28,366.61,343.67,45621.99,0.00,0.00,187.55,1.36,3.41,1.29,3.09,241.89,241.89,330.72,1015.68,190.77,311.92,176.82,176.82,339.90,145.70,331.33,2429.64,2714.04,1014.97,351.03,350.08,1649.14,231.26,195.82,4748.83,1192.02,196.13,329.86,223.85,230.53,657.10,269.17,195.54,431.70,205.25,1731.27,136.60,127.39,175.85,250.28,193.54,192.34,228.80,1406.09,201.04,54.40
2005-05-18,dsm2,base,66,40157.81,36540.00,8710.42,2610.77,773.20,547.36,225.84,45484.26,0.00,0.00,184.32,1.41,3.49,1.48,3.14,238.07,238.07,315.44,897.65,194.42,308.35,172.42,172.42,336.16,144.17,326.77,2354.49,2605.10,884.05,345.02,344.42,1644.00,226.82,188.75,4567.53,1086.99,189.68,313.99,217.81,233.36,573.88,259.96,197.70,429.99,200.61,1700.22,135.59,123.29,176.31,247.54,191.83,195.04,216.24,1375.01,204.26,53.80
2005-05-19,dsm2,base,66,42599.55,38970.00,9240.42,2553.56,507.60,407.81,99.79,48778.80,0.00,0.00,186.68,1.95,3.45,1.85,3.03,235.12,235.12,307.47,812.36,191.59,303.84,168.37,168.37,333.00,142.56,321.22,2210.85,2475.48,799.06,338.33,337.87,1654.94,223.65,185.48,4624.58,1007.87,186.03,305.56,218.97,224.13,559.72,251.29,197.88,427.63,193.46,1654.00,128.84,115.57,170.38,246.68,185.57,193.04,213.94,1362.65,203.59,54.00
2005-05-20,dsm2,base,66,48203.88,43020.00,10237.92,2545.30,1246.72,865.68,381.04,54649.77,0.00,0.00,175.31,2.33,3.49,2.33,3.00,231.24,231.24,293.81,723.08,189.78,298.60,163.53,163.53,325.60,135.88,313.83,2092.63,2348.42,728.11,328.75,328.58,1630.09,219.78,182.51,3889.24,954.04,182.19,292.77,216.59,219.91,490.00,241.55,195.87,424.05,187.43,1571.47,124.74,106.19,165.71,239.63,178.79,189.74,209.88,1314.00,203.61,53.80
2005-05-21,dsm2,base,66,99603.37,59850.00,11558.33,2443.42,1763.78,1330.35,433.43,106954.50,0.00,0.00,133.40,2.83,3.49,3.21,2.87,226.17,226.17,284.11,641.00,166.25,291.91,145.94,145.94,318.17,118.95,304.41,1924.76,2208.40,610.13,318.73,318.67,1649.43,211.68,170.57,2692.18,839.62,170.61,283.36,212.10,200.43,373.11,232.94,190.68,416.94,177.45,1453.17,102.05,88.38,139.78,231.87,158.93,163.77,207.94,1273.36,195.90,53.80
2005-05-22,dsm2,base,66,99892.24,64620.00,12500.00,2493.02,2098.44,1663.88,434.56,107800.78,0.00,0.00,114.55,3.35,3.52,4.22,2.74,215.67,215.67,272.93,511.42,132.08,284.92,118.65,118.65,309.77,98.52,293.67,1747.51,2066.84,383.85,308.17,308.31,1641.57,200.12,143.96,1809.55,686.30,142.95,271.66,195.93,157.35,195.58,227.50,157.33,406.75,166.61,1318.31,94.02,89.36,127.43,206.53,144.98,131.47,203.06,1210.55,162.98,53.80
2005-05-23,dsm2,base,66,83618.53,65610.00,13066.67,2575.86,2190.89,1746.79,444.10,91918.45,0.00,0.00,104.51,3.82,3.57,5.15,2.68,203.46,203.46,260.57,415.21,115.81,277.37,117.28,117.28,301.27,99.61,284.64,1529.27,1914.74,264.25,296.79,296.72,1622.58,189.95,135.66,1561.36,537.93,129.69,259.69,163.15,135.56,163.36,223.13,130.46,391.37,162.66,1151.20,89.83,70.80,122.88,168.38,138.16,115.74,181.26,1139.75,135.52,53.80
2005-05-24,dsm2,base,66,70688.12,63810.00,13420.83,2579.54,2549.88,1955.10,594.78,78979.53,0.00,0.00,112.50,4.19,3.63,5.82,2.73,193.77,193.77,241.87,355.99,112.59,269.67,116.13,116.13,293.54,81.93,276.24,1284.59,1744.19,228.83,285.56,285.89,1601.34,182.43,134.76,1643.37,437.13,127.79,240.33,140.42,125.34,186.41,217.90,116.66,373.14,154.62,990.20,71.47,78.74,112.22,149.77,128.87,113.61,151.91,1064.07,122.11,53.80
2005-05-25,dsm2,base,66,65014.07,61560.00,13739.13,2599.00,2896.43,2297.51,598.92,73257.76,0.00,0.00,129.99,4.31,3.66,6.02,2.71,183.67,183.67,218.98,323.12,125.15,260.94,109.42,109.42,284.70,92.54,265.76,1061.74,1541.05,238.77,271.84,272.28,1567.33,176.29,123.96,1760.48,370.01,119.36,217.71,136.32,132.94,230.90,203.85,119.79,354.34,154.74,806.94,98.77,107.20,115.88,146.41,125.20,126.86,134.72,988.18,122.49,53.80
2005-05-26,dsm2,base,66,61649.05,58230.00,14008.33,2934.66,2845.18,2381.77,463.41,69877.55,0.00,0.00,111.16,4.23,3.60,5.72,2.66,176.87,176.87,192.79,291.50,127.22,253.04,121.93,121.93,276.34,112.63,255.38,896.57,1339.76,249.75,252.00,253.18,1515.70,173.20,126.05,1935.24,332.04,120.16,191.35,142.69,145.13,256.87,190.89,135.52,335.43,156.38,688.74,111.08,114.96,126.31,158.54,133.85,126.60,130.44,912.23,137.04,53.80
2005-05-27,dsm2,base,66,57133.39,53730.00,14070.83,4033.01,2539.79,2089.83,449.96,64631.42,0.00,0.00,107.76,3.88,3.54,5.04,2.70,174.53,174.53,180.98,263.44,114.36,243.90,131.11,131.11,267.98,120.06,242.83,785.73,1168.40,253.46,234.90,236.12,1452.73,173.91,133.11,1960.60,306.55,127.55,179.91,144.92,128.16,281.18,179.89,122.99,314.81,154.94,616.15,115.34,118.75,131.88,153.76,139.49,114.61,140.05,854.90,127.33,53.80
2005-05-28,dsm2,base,66,51513.54,48150.00,14400.00,4029.33,2142.94,1770.42,372.52,59741.27,0.00,0.00,104.46,3.48,3.58,4.17,2.85,174.41,174.41,180.65,241.54,110.39,236.10,135.27,135.27,259.87,123.89,232.45,699.09,1035.30,261.93,224.04,225.06,1384.32,174.08,138.57,2094.41,288.43,133.65,180.10,137.21,122.60,304.85,174.65,116.25,294.54,152.21,586.25,118.31,121.95,135.73,141.88,142.73,110.62,139.38,805.03,119.25,53.80
2005-05-29,dsm2,base,66,45325.53,42030.00,14862.50,4005.51,1895.02,1504.85,390.17,54287.50,0.00,0.00,101.58,3.07,3.68,3.25,3.18,174.92,174.92,178.81,225.75,106.60,228.94,137.94,137.94,252.70,126.55,225.67,632.97,930.56,289.13,218.23,219.17,1316.95,173.17,141.95,2481.92,278.94,137.15,178.50,129.27,117.12,370.39,172.58,111.74,277.38,151.14,556.72,120.79,124.05,138.44,135.65,144.12,106.81,130.74,752.59,114.06,53.80
2005-05-30,dsm2,base,66,40581.30,37620.00,15400.00,6480.47,2497.06,1976.86,520.20,47003.77,0.00,0.00,107.57,2.61,3.74,2.58,3.34,174.90,174.90,175.02,215.99,108.19,223.19,140.43,140.43,247.17,128.66,222.03,586.99,843.51,348.41,216.08,217.04,1246.42,171.62,144.74,2974.53,287.14,140.01,174.13,126.21,115.91,448.13,167.55,108.30,265.02,151.62,533.65,122.57,124.05,140.81,134.93,146.36,109.20,125.81,704.16,111.75,53.80
2005-05-31,dsm2,base,66,39384.43,36450.00,15787.50,7203.25,2623.27,2077.50,545.77,45345.40,0.00,0.00,100.00,2.31,3.75,2.17,3.38,174.47,174.47,179.60,208.27,108.50,218.76,141.90,141.90,242.93,129.69,220.06,568.27,778.03,419.46,220.15,220.88,1174.92,170.16,149.23,3394.64,311.69,142.52,179.15,132.47,120.90,512.68,159.08,114.52,257.29,151.26,533.59,122.86,121.65,142.18,127.20,148.29,108.42,133.03,670.64,113.64,53.80
2005-06-01,dsm2,base,66,40370.43,37440.00,15779.17,7499.74,2610.00,2083.72,526.28,46039.85,0.00,0.00,100.00,2.26,3.82,2.16,3.45,174.28,174.28,186.43,203.78,104.19,213.85,141.95,141.95,237.51,129.45,217.96,574.44,729.00,485.40,222.45,223.22,1114.69,168.71,152.87,3546.21,337.31,144.31,185.74,141.06,114.12,529.66,149.18,107.99,250.48,148.54,536.32,121.50,118.30,142.08,106.39,148.18,104.69,149.52,643.97,108.59,53.80
2005-06-02,dsm2,base,66,39686.44,36720.00,15779.17,7440.35,2321.24,1802.15,519.09,45704.02,0.00,0.00,100.00,2.48,3.91,2.58,3.45,173.33,173.33,190.67,202.11,104.04,208.87,141.02,141.02,231.25,128.11,214.34,570.55,688.60,550.17,220.57,221.22,1044.02,166.82,155.74,3873.97,377.73,145.25,189.59,139.70,113.89,535.69,142.15,107.26,241.02,144.51,538.53,118.72,115.80,140.63,106.14,146.47,104.53,158.50,623.03,106.26,53.80
2005-06-03,dsm2,base,66,38159.75,35280.00,15970.83,7456.49,2527.89,1983.22,544.67,44146.20,0.00,0.00,100.00,2.85,4.02,3.19,3.42,171.78,171.78,197.34,203.89,104.34,204.19,140.42,140.42,226.86,125.72,209.57,561.92,659.19,634.39,218.63,218.82,976.10,164.44,157.86,4287.66,426.45,145.48,196.30,141.64,114.53,569.39,137.73,107.22,233.57,140.78,522.80,117.96,118.55,138.49,106.41,144.28,104.89,167.24,594.77,107.06,53.80
2005-06-04,dsm2,base,66,37203.58,34380.00,16037.50,7562.20,2421.96,1921.47,500.49,43256.92,0.00,0.00,100.28,3.20,4.16,3.87,3.42,170.14,170.14,203.54,208.89,104.55,200.08,140.05,140.05,222.73,124.93,205.45,549.93,630.59,726.08,216.80,216.54,918.46,162.13,162.71,4660.96,488.62,145.07,202.79,149.03,115.33,655.02,133.95,107.61,231.79,138.57,508.14,121.21,123.31,137.06,107.48,142.23,105.11,177.55,575.56,107.99,54.40
2005-06-05,dsm2,base,66,34854.51,32040.00,16100.00,9306.02,2042.91,1640.01,402.90,39605.57,0.00,0.00,106.84,3.50,4.24,4.48,3.44,167.26,167.26,211.14,217.15,107.60,195.23,140.82,140.82,218.52,127.39,199.77,540.83,602.65,846.47,214.62,213.91,868.25,160.25,172.26,5289.16,562.49,144.84,210.60,177.39,116.74,821.05,131.47,107.88,234.05,137.84,497.04,123.41,125.69,137.15,108.59,141.67,108.56,189.34,553.31,114.08,54.40
2005-06-06,dsm2,base,66,31579.82,28800.00,16020.83,8663.59,1798.04,1403.03,395.01,37139.03,0.00,0.00,110.00,3.77,4.29,4.73,3.51,163.89,163.89,215.99,229.38,112.53,189.99,142.95,142.95,213.20,129.66,194.03,544.13,580.77,1031.91,210.81,209.47,824.61,158.92,193.59,5861.28,661.49,146.13,215.81,200.83,122.42,1045.61,129.83,113.37,237.71,137.28,498.01,126.21,130.12,137.93,120.33,141.34,113.27,192.42,537.36,128.89,54.40
2005-06-07,dsm2,base,66,29448.41,26730.00,15354.17,9321.26,1736.72,1313.68,423.04,33744.60,0.00,0.00,110.00,3.90,4.34,4.65,3.56,161.65,161.65,218.73,242.05,114.36,185.86,145.49,145.49,209.02,132.37,190.48,565.27,569.87,1190.43,207.27,206.02,790.59,157.81,212.80,6248.98,757.83,148.15,218.87,215.42,126.87,1337.97,129.00,116.77,241.52,137.49,511.01,128.11,126.60,138.58,124.87,141.86,114.94,194.40,526.36,134.14,56.40
2005-06-08,dsm2,base,66,28019.73,25290.00,14512.50,9869.94,727.24,477.86,249.38,31935.05,0.00,0.00,110.26,3.69,4.46,4.34,3.74,159.61,159.61,219.00,258.01,113.88,181.58,149.62,149.62,204.99,134.75,185.12,600.55,571.60,1385.00,202.61,201.31,756.69,157.21,248.07,6673.03,875.42,152.12,219.35,228.46,129.18,1628.84,129.71,116.40,245.03,137.52,547.77,127.40,124.85,139.27,130.03,141.97,114.65,196.34,523.73,145.63,59.60
2005-06-09,dsm2,base,66,27737.71,24750.00,13679.17,11043.11,585.03,262.76,322.27,29788.74,0.00,0.00,116.61,3.50,4.56,4.03,3.95,158.26,158.26,214.42,279.92,115.24,177.48,154.44,154.44,201.54,135.18,178.72,657.14,586.86,1624.88,196.09,194.55,724.57,156.58,289.48,7298.03,1034.75,157.99,214.95,235.32,128.20,1887.76,131.17,115.46,249.07,137.87,605.36,126.76,125.39,138.95,134.98,141.78,116.34,195.75,514.33,173.49,59.60
2005-06-10,dsm2,base,66,27124.71,24120.00,12616.67,11264.88,2127.49,1670.66,456.83,26349.00,0.00,0.00,124.22,3.26,4.58,3.57,4.01,157.46,157.46,205.45,311.26,124.07,173.19,161.35,161.35,198.34,134.73,171.93,731.39,617.22,1904.02,187.05,186.03,703.28,156.04,339.86,7910.98,1207.95,166.62,205.95,237.73,139.74,2201.48,132.76,120.62,252.94,138.72,685.89,127.33,132.75,138.15,144.56,141.31,125.49,210.15,511.42,185.28,59.60
2005-06-11,dsm2,base,66,27776.99,25020.00,11600.00,7429.05,2198.35,1710.29,488.06,29749.60,0.00,0.00,134.06,2.81,4.62,2.84,4.07,156.86,156.86,198.48,345.24,133.73,170.06,164.27,164.27,195.57,134.71,167.84,815.90,661.16,2080.61,180.35,179.44,696.47,155.33,355.46,8388.19,1342.87,173.72,198.82,236.60,151.92,2316.93,134.31,131.11,255.46,140.03,796.98,131.15,142.60,138.85,145.82,141.90,135.18,223.87,514.97,173.43,60.60
2005-06-12,dsm2,base,66,29987.71,27270.00,10900.00,11484.76,2413.85,1832.30,581.55,26989.10,0.00,0.00,140.28,2.30,4.63,2.14,4.20,156.59,156.59,194.41,369.75,142.54,168.19,161.52,161.52,194.23,136.32,166.36,886.07,713.69,2150.66,176.71,175.94,698.77,154.74,334.80,8479.03,1392.06,176.38,194.95,240.82,163.32,2306.43,135.96,140.09,254.87,141.89,868.56,137.58,144.80,141.20,151.37,144.25,143.80,236.52,519.43,181.19,61.00
2005-06-13,dsm2,base,66,31521.63,28800.00,10379.17,11276.33,3012.06,2376.04,636.02,27612.41,0.00,0.00,147.65,1.78,4.64,1.63,4.30,156.65,156.65,184.85,383.71,149.59,166.56,157.62,157.62,194.22,140.35,163.05,930.17,766.90,2130.99,171.84,171.21,711.56,154.91,294.68,8439.54,1387.15,175.55,185.45,231.74,173.05,2146.86,138.55,147.74,250.66,144.54,899.50,140.83,140.49,144.95,157.96,147.07,151.00,232.57,521.56,201.45,60.40
2005-06-14,dsm2,base,66,31490.80,28800.00,10002.50,7520.42,3033.66,2462.59,571.07,30939.22,0.00,0.00,169.63,1.38,4.66,1.27,4.36,157.18,157.18,178.52,395.90,162.05,165.87,155.27,155.27,194.47,143.65,161.10,967.37,813.56,2101.18,167.73,167.40,725.17,155.63,265.57,8476.51,1377.58,174.91,178.98,222.75,177.30,1874.90,141.73,154.73,244.68,146.90,927.52,139.80,137.98,147.42,161.57,149.38,164.53,228.84,520.08,199.33,59.60
2005-06-15,dsm2,base,66,30355.21,27810.00,9528.33,11105.98,3220.47,2655.51,564.96,25557.09,0.00,0.00,170.38,1.28,4.58,1.21,4.31,158.27,158.27,175.46,397.35,177.07,165.04,155.11,155.11,193.72,143.76,161.19,990.55,857.69,2058.95,165.27,164.99,736.49,155.97,243.20,8507.08,1374.69,173.79,175.75,220.37,196.12,1669.73,145.42,169.56,237.39,148.23,944.35,138.47,135.47,147.80,180.56,150.12,177.95,228.49,521.08,198.96,59.60
2005-06-16,dsm2,base,66,28775.79,26550.00,8746.67,10579.44,2423.18,2120.67,302.51,24519.83,0.00,0.00,170.37,1.55,4.41,1.53,4.13,158.95,158.95,170.36,398.21,177.07,164.23,155.14,155.14,192.28,142.48,160.16,1015.54,896.38,2032.78,162.72,162.60,743.50,155.84,240.12,8650.64,1366.85,174.29,170.48,211.39,198.77,1511.24,149.56,179.69,228.71,148.64,912.00,136.66,132.72,146.83,186.10,149.90,177.74,220.24,526.20,213.86,59.60
2005-06-17,dsm2,base,66,27769.70,25560.00,8116.67,10713.69,1830.77,1453.19,377.58,23341.91,0.00,0.00,178.80,2.05,4.20,2.10,3.80,159.25,159.25,166.84,406.92,177.58,163.14,155.98,155.98,189.42,140.90,159.26,1034.55,930.94,2030.45,160.99,160.88,752.10,155.47,245.81,8293.76,1380.07,174.77,166.89,197.21,195.28,1462.17,153.90,179.40,220.62,148.59,897.80,134.39,127.71,145.46,189.18,148.84,178.94,212.74,543.13,206.63,59.60
2005-06-18,dsm2,base,66,28424.41,26190.00,7836.25,10653.19,2455.48,2081.14,374.34,23151.99,0.00,0.00,207.80,2.65,4.06,3.05,3.59,159.17,159.17,164.26,421.39,191.18,162.16,157.14,157.14,186.51,138.94,158.46,1058.34,960.61,2053.10,159.96,159.89,761.08,155.11,258.40,7810.66,1385.56,176.57,164.33,188.98,201.02,1439.90,157.72,180.32,213.74,148.53,905.44,131.27,124.66,143.60,189.21,147.66,195.12,200.96,562.88,194.21,59.60
2005-06-19,dsm2,base,66,29478.75,27360.00,7690.00,10663.32,2858.19,2399.69,458.50,23647.24,0.00,0.00,221.70,3.32,3.97,4.23,3.37,158.68,158.68,162.94,452.94,216.54,161.68,161.61,161.61,184.70,136.44,157.97,1094.06,993.45,2108.31,159.51,159.44,766.93,154.77,293.76,7551.57,1443.29,181.66,163.04,184.61,224.01,1564.22,160.63,193.73,206.95,148.67,919.44,129.07,123.35,141.33,205.47,145.46,218.84,193.74,584.55,195.14,59.60
2005-06-20,dsm2,base,66,29689.48,27630.00,7515.42,9715.70,3246.06,2805.89,440.17,24243.14,0.00,0.00,232.10,3.86,3.98,5.36,3.22,157.55,157.55,162.91,486.55,229.97,161.15,165.89,165.89,182.62,134.25,157.77,1138.99,1032.18,2220.03,159.51,159.45,779.97,154.45,329.14,7375.84,1520.99,189.12,163.08,182.63,241.44,1781.20,162.92,216.45,199.99,149.16,942.54,128.29,125.82,139.71,215.44,144.19,231.91,190.71,605.33,200.11,59.60
2005-06-21,dsm2,base,66,29514.08,27540.00,7101.67,5896.18,3237.70,2832.47,405.23,27481.87,0.00,0.00,246.30,4.28,4.02,6.34,3.12,156.24,156.24,164.73,532.51,241.12,160.60,176.93,176.93,179.75,133.51,158.13,1201.96,1075.43,2368.81,160.05,159.94,799.35,153.98,402.64,7359.50,1644.48,201.94,164.78,185.76,251.61,2036.87,164.42,229.58,193.73,149.81,980.68,129.68,130.55,139.44,221.51,143.65,243.56,189.13,630.82,218.28,59.60
2005-06-22,dsm2,base,66,28833.85,26910.00,6937.92,4709.74,3955.36,3436.34,519.02,27106.67,0.00,0.00,261.30,4.49,4.03,6.88,3.05,155.27,155.27,168.82,571.15,255.96,160.28,188.75,188.75,177.32,134.87,159.28,1284.00,1126.15,2503.97,161.69,161.51,827.00,153.74,455.50,7568.91,1764.65,218.49,168.88,197.86,263.54,2159.06,166.65,240.28,189.09,151.20,1055.39,131.66,131.12,140.64,230.02,144.47,258.61,208.90,655.84,226.77,59.60
2005-06-23,dsm2,base,66,27274.44,25560.00,7029.58,12213.75,3906.17,3445.48,460.69,18184.10,0.00,0.00,277.10,4.39,4.00,6.86,3.03,154.62,154.62,168.20,608.92,271.55,160.44,206.22,206.22,175.91,136.82,159.84,1376.48,1192.76,2670.25,162.23,162.05,857.83,153.79,528.34,7881.83,1898.95,239.62,168.37,198.08,278.97,2438.52,167.92,253.80,187.77,152.30,1138.47,133.22,135.97,141.37,240.99,144.87,273.96,212.89,680.87,216.96,61.00
2005-06-24,dsm2,base,66,24871.92,23310.00,6835.42,11460.06,3709.80,3312.57,397.23,16537.47,0.00,0.00,285.40,4.08,3.93,6.28,3.06,155.91,155.91,164.74,688.84,285.20,160.09,236.93,236.93,174.37,138.67,159.28,1475.90,1268.90,2917.45,161.54,161.39,883.62,153.52,657.16,8416.26,2068.11,276.67,164.95,184.43,296.20,2792.46,166.72,267.85,190.32,153.15,1190.21,135.39,138.40,142.45,236.04,145.30,286.55,194.09,709.92,212.64,63.20
2005-06-25,dsm2,base,66,22581.78,21060.00,6535.83,11259.36,3611.44,3221.86,389.58,14246.82,0.00,0.00,255.80,3.72,3.86,5.23,3.16,157.78,157.78,164.66,762.76,285.53,160.02,273.67,273.67,173.37,141.15,159.15,1588.25,1348.00,3127.89,161.46,161.28,898.81,153.74,741.65,8476.30,2239.36,317.39,164.82,183.78,305.38,2996.39,168.53,281.51,193.25,153.73,1244.89,137.50,137.85,144.05,246.96,146.78,282.99,198.72,739.98,214.04,63.20
2005-06-26,dsm2,base,66,21219.58,19710.00,6312.08,11202.86,3676.40,3258.21,418.19,12652.41,0.00,0.00,236.30,3.26,3.81,4.08,3.30,159.78,159.78,164.63,836.49,258.60,160.20,297.64,297.64,173.21,143.93,159.32,1703.40,1429.57,3284.68,161.42,161.26,915.73,154.18,812.34,8804.17,2420.64,349.69,164.85,183.97,293.38,3159.31,170.82,287.11,192.55,154.03,1267.57,138.64,141.88,145.91,243.06,148.22,257.24,200.59,771.74,208.06,63.20
2005-06-27,dsm2,base,66,20587.87,19080.00,6076.25,11109.53,3788.36,3400.91,387.45,11766.23,0.00,0.00,272.10,2.85,3.75,3.06,3.42,163.98,163.98,164.53,924.83,249.61,160.43,320.40,320.40,173.63,146.70,159.62,1807.32,1509.98,3495.58,161.52,161.38,929.62,154.73,866.87,9301.14,2593.71,382.62,164.73,184.59,274.94,3291.25,172.68,267.59,190.68,154.42,1275.48,140.13,144.12,147.32,230.93,149.49,254.01,202.64,797.41,204.18,63.20
2005-06-28,dsm2,base,66,20525.41,19080.00,5929.17,11332.84,3947.90,3461.67,486.23,11173.84,0.00,0.00,300.40,2.41,3.68,2.40,3.42,169.53,169.53,164.51,1004.20,283.79,160.82,348.52,348.52,174.52,149.41,159.91,1898.85,1587.79,3679.06,161.64,161.51,942.02,155.36,930.50,9741.98,2726.34,412.72,164.66,185.72,281.22,3370.71,174.11,251.32,189.69,155.17,1287.65,142.16,145.28,148.67,235.33,150.59,287.49,204.98,826.26,208.80,63.20
2005-06-29,dsm2,base,66,20360.59,19080.00,6025.83,11252.47,4802.86,4168.33,634.53,10331.09,0.00,0.00,319.60,2.20,3.62,2.27,3.37,170.71,170.71,165.05,1071.67,311.59,161.60,363.73,363.73,176.41,151.39,160.57,1949.57,1650.51,3863.68,161.77,161.65,949.20,156.12,939.40,9846.96,2856.30,458.57,165.05,189.47,314.15,3364.34,176.04,272.10,189.53,156.41,1262.17,144.06,141.47,150.32,257.86,152.33,314.48,210.31,843.11,209.86,63.20
2005-06-30,dsm2,base,66,20317.57,19080.00,6041.67,11185.00,4694.15,4091.22,602.93,10480.08,0.00,0.00,341.70,2.34,3.63,2.54,3.26,175.96,175.96,165.73,1138.32,331.68,162.33,376.41,376.41,178.22,153.77,161.40,2021.11,1701.61,4093.44,162.34,162.24,959.15,157.21,966.69,10358.65,3007.97,519.61,165.71,193.15,333.55,3445.21,178.51,301.22,189.69,157.71,1248.20,144.35,130.52,152.01,271.76,154.02,334.83,216.48,865.80,201.42,63.20
2005-07-01,dsm2,base,66,20340.38,19080.00,6041.67,11716.19,4595.77,4001.73,594.04,10070.09,0.00,0.00,285.01,2.69,3.68,3.07,3.34,184.00,184.00,165.82,1236.56,339.51,163.38,431.86,431.86,179.12,157.87,162.19,2115.30,1757.08,4444.69,163.00,162.93,989.29,158.39,1101.85,10989.69,3230.61,589.79,165.83,191.61,353.46,3721.26,179.09,322.07,188.74,158.02,1325.80,141.02,132.16,152.97,282.11,154.81,332.88,219.54,909.76,201.95,63.40
2005-07-02,dsm2,base,66,20273.88,19080.00,5836.25,11698.20,4436.33,3852.66,583.67,9975.60,0.00,0.00,248.80,3.06,3.80,3.72,3.41,196.54,196.54,166.42,1360.20,288.00,163.80,486.67,486.67,179.37,161.08,162.72,2272.42,1837.76,4877.74,163.86,163.75,1025.50,159.52,1254.47,11801.63,3569.66,676.16,166.41,190.63,331.03,4147.84,178.66,340.35,186.56,156.71,1436.08,138.11,145.93,152.91,267.81,154.79,283.32,222.10,948.15,200.10,66.20
2005-07-03,dsm2,base,66,18026.16,16830.00,6291.67,11861.00,4229.77,3637.66,592.11,8227.06,0.00,0.00,269.60,3.36,3.91,4.13,3.34,221.03,221.03,167.06,1524.84,261.13,164.15,607.97,607.97,179.06,168.43,162.67,2502.42,1966.08,5484.90,164.37,164.25,1091.23,160.84,1572.01,12951.05,4015.78,784.02,167.05,190.16,292.69,4973.91,176.73,310.37,184.73,157.18,1690.32,140.38,145.18,153.16,243.97,154.30,263.97,220.55,1026.84,201.81,66.20
2005-07-04,dsm2,base,66,18197.66,17010.00,7127.08,11875.08,4391.99,3794.17,597.82,9057.67,0.00,0.00,275.00,3.53,4.03,4.38,3.36,251.37,251.37,167.69,1690.11,278.21,164.31,767.79,767.79,178.97,180.86,162.80,2796.63,2144.26,6114.31,164.68,164.53,1162.83,162.77,1936.36,14073.38,4529.68,932.74,167.72,190.83,287.66,5855.33,176.04,273.43,184.08,159.47,2055.89,143.54,144.97,155.90,242.81,155.52,279.35,221.24,1112.47,207.03,66.20
2005-07-05,dsm2,base,66,17906.89,16740.00,7072.50,11756.50,4091.54,3595.51,496.03,9131.35,0.00,0.00,228.30,3.55,4.20,4.50,3.49,288.65,288.65,168.35,1880.49,271.90,164.74,942.12,942.12,178.94,198.66,163.63,3192.74,2382.70,6743.84,165.29,165.13,1261.25,165.80,2320.43,15085.60,5042.49,1105.89,168.47,191.52,296.97,6694.78,177.40,276.57,184.56,160.84,2527.19,145.04,144.82,160.17,250.96,158.07,266.23,225.34,1221.42,216.05,70.80
2005-07-06,dsm2,base,66,18250.09,17100.00,6857.08,11741.13,4021.04,3431.01,590.03,9345.01,0.00,0.00,209.20,3.46,4.40,4.37,3.70,329.48,329.48,169.66,2105.46,231.91,165.42,1137.40,1137.40,178.91,219.60,164.59,3630.12,2675.16,7408.40,166.25,166.09,1398.82,169.54,2723.91,16186.21,5608.84,1294.06,169.76,191.58,269.29,7462.87,179.83,278.18,185.03,161.72,2966.78,146.07,144.56,166.32,233.80,161.24,229.86,228.04,1365.78,210.33,70.80
2005-07-07,dsm2,base,66,18383.91,17280.00,6290.83,11764.29,3868.86,3334.10,534.76,9041.59,0.00,0.00,212.90,3.28,4.55,4.11,3.84,390.92,390.92,169.82,2376.29,217.51,166.23,1358.16,1358.16,179.28,243.77,165.46,4086.91,3017.54,8147.12,167.08,166.94,1621.08,175.01,3141.55,17507.06,6216.35,1509.48,169.91,193.17,252.80,8280.55,180.91,246.94,185.62,162.30,3514.23,146.72,140.30,172.95,219.51,164.78,218.70,228.61,1530.57,207.76,70.80
2005-07-08,dsm2,base,66,18292.85,17190.00,5897.92,11809.73,3643.36,3155.58,487.78,8737.68,0.00,0.00,228.80,3.06,4.63,3.73,3.95,463.83,463.83,170.72,2631.98,222.54,167.15,1568.84,1568.84,180.02,270.67,166.19,4525.44,3412.45,8884.87,167.81,167.69,1867.45,182.29,3526.85,18474.56,6820.24,1740.26,170.99,192.99,258.60,8980.94,181.13,227.29,186.76,162.74,4119.54,146.45,140.17,180.05,216.28,168.95,225.81,230.69,1674.10,208.28,70.80
2005-07-09,dsm2,base,66,18391.43,17280.00,5929.17,11802.08,3278.24,2855.92,422.32,9240.28,0.00,0.00,270.00,2.79,4.61,3.24,4.01,514.69,514.69,171.70,2785.45,240.41,168.23,1731.88,1731.88,181.11,289.40,166.94,4972.85,3807.10,9519.55,168.65,168.49,2118.57,189.19,3806.38,19148.09,7383.38,1948.34,171.81,193.05,261.29,9439.73,180.70,224.39,187.34,162.54,4522.55,145.59,143.79,184.76,220.54,172.07,247.76,229.88,1811.74,210.41,73.00
2005-07-10,dsm2,base,66,18017.19,16920.00,5789.58,11758.15,3573.68,3073.82,499.86,8474.95,0.00,0.00,286.30,2.45,4.44,2.62,3.94,535.15,535.15,172.55,3080.46,278.22,169.20,1730.16,1730.16,183.13,292.02,167.64,5318.48,4177.35,9914.38,169.55,169.36,2325.46,193.30,3856.65,19112.68,7742.04,2090.73,172.72,195.07,266.87,9496.62,181.45,233.54,187.06,162.39,4749.86,145.28,143.33,183.97,235.72,172.56,281.66,230.21,1930.60,216.17,74.00
2005-07-11,dsm2,base,66,18447.08,17370.00,5441.25,11831.99,3906.30,3295.67,610.63,8150.04,0.00,0.00,292.90,2.07,4.15,2.08,3.74,510.26,510.26,173.42,3251.18,294.11,170.30,1626.13,1626.13,186.16,268.88,168.23,5524.72,4477.67,10016.05,170.21,170.05,2371.46,192.27,3666.27,18510.04,7870.17,2134.56,173.54,195.90,283.34,9076.78,181.89,260.37,187.73,162.58,4694.72,145.72,142.03,179.66,253.45,170.84,295.91,230.98,1998.29,225.55,72.20
2005-07-12,dsm2,base,66,18413.47,17337.60,5044.58,11756.16,4311.69,3653.34,658.35,7390.20,0.00,0.00,302.10,1.71,3.81,1.60,3.45,443.96,443.96,173.89,3312.31,301.71,171.21,1366.35,1366.35,189.60,236.51,168.94,5584.38,4680.99,9797.74,170.87,170.71,2174.16,187.95,3236.37,17422.75,7781.67,2055.23,173.99,198.12,305.91,8264.81,183.47,285.33,189.20,162.71,4381.29,145.67,138.51,172.44,254.16,168.08,303.90,231.70,2012.17,222.44,70.80
2005-07-13,dsm2,base,66,18391.35,17304.30,4737.50,11845.81,4467.23,3808.88,658.35,6815.81,0.00,0.00,313.80,1.46,3.55,1.34,3.34,372.42,372.42,174.21,3345.25,311.64,172.09,1126.10,1126.10,193.12,208.44,169.46,5486.13,4790.66,9400.36,171.23,171.11,1807.24,183.50,2771.03,16229.42,7517.83,1904.04,174.23,198.88,319.11,7363.33,184.55,298.12,189.80,162.50,3987.61,144.84,136.89,167.02,249.96,166.38,314.22,231.52,2001.44,209.89,70.80
2005-07-14,dsm2,base,66,18374.79,17271.90,4497.08,11978.28,4683.45,3992.37,691.08,6210.14,0.00,0.00,353.29,1.44,3.45,1.37,3.30,343.83,343.83,174.40,3373.67,324.57,173.00,978.77,978.77,196.20,195.89,169.82,5365.45,4783.04,8997.46,171.21,171.13,1604.99,181.96,2461.46,15378.97,7253.68,1765.07,174.41,199.28,333.94,6756.52,184.66,308.02,190.28,161.96,3799.31,143.29,135.42,165.25,250.76,166.17,328.87,231.45,1980.28,209.54,70.80
2005-07-15,dsm2,base,66,18353.05,17238.60,4318.33,12068.18,4655.72,3979.88,675.84,5947.49,0.00,0.00,383.79,1.70,3.42,1.77,3.19,347.21,347.21,174.63,3465.79,361.76,173.74,989.09,989.09,198.61,196.42,170.00,5312.81,4720.44,8787.72,171.37,171.30,1800.33,183.41,2406.13,15565.89,7167.25,1720.90,174.55,198.55,346.04,6655.88,183.42,318.60,191.38,161.45,3728.19,142.00,139.48,165.45,249.44,165.96,366.43,230.93,2028.72,208.48,70.80
2005-07-16,dsm2,base,66,18308.30,17206.20,4170.83,12008.74,4913.09,4207.58,705.51,5557.30,0.00,0.00,405.80,2.22,3.39,2.55,3.12,384.13,384.13,174.61,3602.46,391.07,174.51,1060.74,1060.74,200.35,205.11,169.96,5329.12,4695.86,8822.42,171.34,171.29,2096.61,188.24,2539.73,16036.86,7156.87,1788.71,174.58,198.23,361.31,6896.74,180.71,343.61,193.09,161.77,3618.78,141.77,138.37,165.88,252.61,166.50,395.54,231.17,2096.62,206.96,70.80
2005-07-17,dsm2,base,66,18275.86,17172.90,4058.33,11978.52,5001.44,4358.26,643.18,5354.23,0.00,0.00,398.80,2.90,3.34,3.65,3.01,429.29,429.29,174.22,3758.97,412.14,175.03,1197.11,1197.11,201.42,220.27,169.99,5463.61,4778.89,9038.71,171.34,171.35,2372.29,195.83,2815.72,16470.15,7255.09,1901.30,174.22,198.97,389.54,7366.60,177.78,372.55,194.34,163.71,3057.29,143.13,130.41,168.50,259.92,167.47,415.75,231.86,2191.54,206.87,70.80
2005-07-18,dsm2,base,66,18234.14,17140.50,4081.25,11922.99,4702.51,4135.37,567.14,5689.89,0.00,1.00,417.10,3.63,3.29,4.88,2.87,483.60,483.60,174.03,3638.56,409.02,176.00,1376.46,1376.46,201.41,237.71,170.66,5634.09,4958.00,9355.63,171.72,171.77,2558.16,205.37,3175.23,16593.81,7231.02,1626.83,174.04,198.76,413.21,8004.54,175.72,394.98,194.08,165.38,2513.26,142.34,130.83,175.33,264.93,169.97,410.09,230.68,2272.29,206.68,70.80
2005-07-19,dsm2,base,66,18197.68,17107.20,3957.08,11877.59,4649.67,4097.53,552.14,5627.51,0.00,1.00,435.40,4.26,3.27,5.90,2.72,536.03,536.03,174.56,3019.33,421.61,177.27,1577.38,1577.38,201.31,263.96,171.67,5806.86,5227.79,9625.50,172.75,172.84,2601.39,216.76,3598.95,16697.35,6987.96,1503.63,174.57,197.80,431.98,8597.51,174.87,404.07,193.18,165.18,2547.89,140.68,132.27,182.91,275.31,174.90,426.73,228.49,2374.04,205.59,70.80
2005-07-20,dsm2,base,66,18163.99,17074.80,3902.08,11653.09,5023.97,4447.47,576.50,5389.01,0.00,1.00,443.00,4.70,3.25,6.60,2.56,609.27,609.27,175.75,2458.59,438.77,179.25,1837.10,1837.10,202.37,302.39,173.12,5948.78,5474.38,9840.03,173.92,173.90,2556.25,228.92,4046.37,16646.26,6903.13,1677.86,175.75,198.80,428.97,9033.94,174.34,407.91,192.45,164.90,2783.08,140.88,132.69,195.69,283.19,183.10,444.16,230.48,2402.11,203.18,75.20
2005-07-21,dsm2,base,66,18133.93,17041.50,3843.33,11598.69,4686.77,4287.05,399.72,5691.81,0.00,1.00,435.00,4.85,3.22,6.76,2.44,698.64,698.64,176.77,2218.31,448.61,181.69,2100.30,2100.30,204.16,346.85,174.72,6048.85,5681.81,9967.85,175.50,175.56,2507.06,242.97,4453.40,16714.64,6799.18,1866.43,176.75,198.30,442.00,9213.82,173.63,419.55,192.57,165.07,3130.78,141.84,128.90,211.94,279.26,192.86,451.16,226.23,2396.76,205.82,76.40
2005-07-22,dsm2,base,66,18085.82,17009.10,3758.75,11711.52,4856.51,4348.41,508.10,5276.54,0.00,1.00,427.10,4.69,3.18,6.36,2.36,818.14,818.14,178.08,2210.57,444.17,184.58,2419.05,2419.05,206.96,406.18,176.18,6150.03,5814.17,10127.23,176.96,176.97,2521.50,261.87,4825.65,16779.26,6817.86,2091.29,178.09,198.81,455.08,9464.97,172.78,431.42,193.52,165.54,3382.78,142.24,134.18,229.48,278.91,203.83,443.51,229.93,2377.25,204.96,76.60
2005-07-23,dsm2,base,66,18048.97,16975.80,3776.25,11803.74,5781.65,5031.23,750.42,4239.83,0.00,1.00,428.30,4.25,3.16,5.49,2.45,900.89,900.89,180.00,2303.46,437.08,187.65,2631.98,2631.98,212.62,445.43,178.41,6244.69,5859.65,10179.90,179.09,179.16,2540.16,275.57,5031.80,16737.11,6868.29,2256.53,179.99,201.95,465.54,9570.71,172.42,437.62,195.26,166.06,3444.73,142.97,135.89,241.84,275.79,212.74,437.08,230.20,2353.73,209.03,76.60
2005-07-24,dsm2,base,66,18036.27,16943.40,3820.42,11848.45,5546.72,4884.11,662.61,4461.52,0.00,1.00,463.79,3.61,3.14,4.38,2.67,981.47,981.47,181.94,2421.57,437.47,191.25,2800.34,2800.34,220.02,479.19,180.28,6271.67,5897.90,10216.85,181.14,181.29,2531.47,290.69,5285.66,16906.44,6850.49,2452.43,181.93,204.03,467.34,9683.95,171.89,435.68,197.12,167.81,3370.73,143.75,135.22,253.66,271.71,220.27,439.62,232.85,2365.90,211.30,76.60
2005-07-25,dsm2,base,66,18022.50,16910.10,3771.67,11793.15,5278.63,4688.68,589.95,4722.38,0.00,1.00,485.40,2.93,3.11,3.36,2.83,1040.40,1040.40,183.74,2529.77,468.52,194.77,2930.60,2930.60,228.28,501.01,182.34,6239.45,5922.39,10325.74,183.25,183.43,2538.00,308.90,5429.70,17082.16,6929.58,2722.50,183.72,205.29,461.07,9805.84,171.81,432.16,198.65,169.63,3092.54,144.16,138.25,261.43,273.74,224.08,471.91,234.93,2369.36,212.79,79.40
2005-07-26,dsm2,base,66,18014.69,16877.70,3623.75,11630.31,5453.72,4849.51,604.21,4554.41,0.00,1.00,468.30,2.39,3.08,2.57,2.93,1092.08,1092.08,185.80,2641.47,490.30,197.88,2876.69,2876.69,237.17,492.02,184.37,6163.38,5914.53,10397.18,185.44,185.61,2469.67,321.17,5451.42,17443.59,6894.00,2911.46,185.76,206.61,461.37,9828.37,172.28,439.94,200.46,170.84,2632.71,143.58,142.97,259.53,275.22,227.46,492.23,236.95,2364.65,214.63,79.40
2005-07-27,dsm2,base,66,17970.08,16844.40,3450.42,11975.77,5337.55,4730.28,607.27,4107.17,0.00,1.00,475.40,2.10,3.08,2.25,2.94,1115.04,1115.04,187.85,2760.48,477.95,201.71,2874.41,2874.41,247.76,484.10,186.73,6115.76,5886.02,10549.74,186.83,187.14,2396.33,333.12,5385.24,17843.19,6704.04,3082.81,187.80,208.31,475.95,9794.00,172.81,463.86,202.34,172.50,1738.11,144.60,141.21,256.15,279.16,230.49,477.66,239.35,2325.13,216.34,76.60
2005-07-28,dsm2,base,66,17911.74,16812.00,3431.25,11975.12,5164.96,4600.56,564.40,4202.91,0.00,1.00,473.80,2.09,3.14,2.24,2.91,1188.82,1188.82,189.47,2857.83,481.58,206.21,2913.87,2913.87,259.74,487.23,189.07,6106.42,5844.74,10816.83,188.80,189.12,2279.72,356.49,5422.70,18346.72,6712.71,3171.12,189.37,209.97,489.23,10041.24,172.74,476.81,203.98,176.39,1704.19,146.56,141.36,263.92,274.84,237.51,483.63,243.19,2298.65,216.97,79.40
2005-07-29,dsm2,base,66,17854.13,16779.60,3411.25,10914.54,4928.99,4380.18,548.81,5421.84,0.00,1.00,497.49,2.28,3.22,2.55,2.84,1311.98,1311.98,191.54,2944.23,481.23,212.92,3049.30,3049.30,273.81,509.10,193.25,6168.92,5843.15,11238.52,191.71,192.12,2105.50,396.33,5617.91,19086.70,6768.27,3293.67,191.50,211.21,499.09,10480.57,173.35,472.45,205.36,181.08,1798.72,146.63,144.58,276.27,281.44,249.97,482.37,244.44,2316.05,219.34,79.40
2005-07-30,dsm2,base,66,17822.40,16746.30,3397.08,11543.08,5050.57,4482.24,568.33,4625.83,0.00,1.00,504.60,2.58,3.28,2.99,2.78,1482.13,1482.13,195.21,3019.50,498.77,221.41,3228.88,3228.88,292.75,546.29,198.81,6276.50,5910.64,11742.49,196.59,197.13,2016.24,444.82,5940.67,19958.23,7053.21,3503.57,195.18,213.04,505.81,11084.89,174.72,474.45,206.04,187.30,1862.62,147.52,143.06,296.65,279.90,269.59,503.87,244.74,2357.45,220.51,79.40
2005-07-31,dsm2,base,66,17806.89,16713.90,3456.67,11556.23,4926.29,4360.01,566.28,4781.03,0.00,1.00,497.10,2.88,3.30,3.47,2.67,1644.52,1644.52,200.63,3134.68,509.37,233.94,3457.44,3457.44,313.80,596.57,206.58,6409.29,6052.91,12233.30,203.60,204.70,1970.45,511.48,6335.90,20651.15,7496.51,3634.48,200.57,215.24,507.58,11749.23,176.92,477.13,208.56,195.68,2037.43,148.57,141.65,320.87,280.54,288.29,511.66,242.31,2403.48,221.79,79.40
2005-08-01,dsm2,base,66,17761.61,16680.60,3553.48,9662.34,4988.88,4361.33,627.55,6663.88,0.00,1.00,486.30,3.04,3.32,3.78,2.56,1791.44,1791.44,208.70,3336.28,505.63,250.93,3616.08,3616.08,339.34,612.62,219.03,6573.74,6188.67,12653.93,213.23,214.33,2008.69,588.77,6665.06,20994.45,7949.54,3723.03,208.66,219.53,507.90,12294.22,180.68,490.93,213.61,206.82,2311.48,148.42,142.61,347.07,294.39,316.35,504.57,241.07,2454.06,224.03,79.40
2005-08-02,dsm2,base,66,17711.03,16648.20,3452.92,12501.69,4948.05,4366.69,581.36,3714.21,0.00,1.00,483.80,3.12,3.34,3.88,2.61,1933.21,1933.21,219.70,3544.14,495.75,274.26,3700.05,3700.05,366.87,595.82,236.81,6709.32,6315.85,12945.85,227.94,229.46,2069.94,678.36,6872.58,21161.22,8249.92,3710.90,219.49,224.49,517.24,12556.37,185.51,499.63,217.99,223.75,2682.42,148.33,143.20,364.63,308.42,347.28,494.13,239.08,2535.97,228.13,79.40
2005-08-03,dsm2,base,66,17660.03,16614.90,3327.50,11727.64,4620.04,4045.83,574.21,4639.85,0.00,1.00,494.60,3.09,3.31,3.97,2.71,2047.89,2047.89,236.49,3735.95,491.43,302.23,3853.18,3853.18,399.89,604.47,257.96,6919.69,6446.22,13169.11,246.76,248.72,2162.04,770.53,7117.24,21365.44,8546.77,3792.39,236.31,233.98,525.11,12852.61,192.64,497.01,222.23,243.29,3065.21,150.35,143.59,383.43,303.48,382.92,491.62,242.01,2636.19,234.92,79.40
2005-08-04,dsm2,base,66,17621.71,16582.50,3227.92,11765.08,4490.00,3913.74,576.26,4594.54,0.00,1.00,467.11,3.00,3.30,3.82,2.66,2123.25,2123.25,256.50,3859.55,497.67,333.67,3949.36,3949.36,437.66,621.70,281.87,7118.25,6597.29,13342.42,269.24,271.16,2240.69,848.45,7226.30,21418.56,8709.87,3907.52,256.32,246.83,524.72,12864.39,201.39,490.45,229.76,263.75,3301.59,152.20,139.81,415.32,309.13,410.20,500.78,244.41,2739.18,244.38,79.40
2005-08-05,dsm2,base,66,17582.08,16549.20,3245.42,11786.14,4617.12,3994.81,622.31,4424.24,0.00,1.00,461.30,2.88,3.35,3.49,2.80,2192.22,2192.22,279.37,3987.81,483.58,365.68,3999.53,3999.53,484.84,634.18,307.01,7312.16,6750.17,13514.61,294.29,296.23,2314.87,919.21,7360.99,21540.71,8938.37,3943.19,279.07,261.88,524.14,12991.85,210.64,487.17,241.79,288.59,3462.13,152.10,143.51,436.07,309.99,439.38,478.24,248.65,2847.68,256.84,79.40
2005-08-06,dsm2,base,66,17570.32,16516.80,3310.00,11799.07,4522.77,3915.66,607.11,4558.48,0.00,1.00,472.50,2.64,3.45,3.13,3.02,2277.46,2277.46,304.99,4080.84,471.05,401.59,4186.33,4186.33,537.25,668.96,335.74,7505.05,6925.49,13706.22,321.59,324.30,2456.76,996.69,7594.69,21984.16,9134.69,4121.60,304.68,279.40,523.68,13197.22,222.22,488.39,258.27,317.96,3410.55,152.81,142.51,467.05,325.04,472.48,470.75,253.02,2974.29,271.23,79.40
2005-08-07,dsm2,base,66,17580.03,16483.50,3408.75,11803.62,4351.67,3765.99,585.68,4833.48,0.00,1.00,467.50,2.39,3.59,2.70,3.15,2422.50,2422.50,333.25,4131.08,476.76,440.46,4422.69,4422.69,596.05,701.45,367.12,7731.50,7113.03,14056.93,352.31,355.13,2649.81,1085.46,7927.49,22665.33,9264.33,4374.18,332.96,299.55,520.83,13625.36,236.61,478.50,278.03,352.33,3266.20,153.46,141.88,503.01,326.47,516.27,479.55,258.02,3102.85,286.72,79.40
2005-08-08,dsm2,base,66,17532.09,16451.10,2965.00,11798.27,4078.81,3585.30,493.51,4620.02,0.00,1.00,470.00,2.10,3.64,2.18,3.10,2619.68,2619.68,363.81,4241.49,475.99,482.00,4626.42,4626.42,666.12,745.08,402.89,7931.26,7329.41,14545.45,385.76,389.12,2881.47,1185.36,8257.86,23637.94,9498.07,4737.19,363.40,320.50,513.32,14308.51,254.00,469.05,299.97,389.80,3461.29,153.27,142.17,543.96,339.83,561.94,475.81,264.78,3226.73,304.58,79.40
2005-08-09,dsm2,base,66,17483.50,16417.80,2673.75,11968.69,3985.12,3474.30,510.82,4203.45,0.00,1.00,441.31,1.84,3.55,1.83,2.98,2787.41,2787.41,398.10,4425.14,476.69,524.54,4708.47,4708.47,737.54,728.70,439.48,8048.15,7535.49,15048.83,421.97,425.15,3054.19,1266.97,8492.40,24107.81,9638.55,4939.37,397.96,343.51,512.18,14654.81,271.99,469.25,324.74,429.48,3569.04,152.38,144.70,560.11,348.35,598.99,478.08,272.48,3322.69,323.12,79.40
2005-08-10,dsm2,base,66,17447.07,16385.40,2611.25,11905.09,4115.19,3582.80,532.39,4038.04,0.00,1.00,432.90,1.65,3.38,1.56,2.91,2844.89,2844.89,433.49,4628.59,463.03,561.37,4495.28,4495.28,805.96,659.60,473.40,8132.91,7688.00,15291.88,456.17,459.30,2954.85,1299.78,8356.04,23952.03,9504.33,5037.60,433.37,368.76,517.54,14486.14,288.84,469.98,351.87,458.70,3203.23,151.89,146.95,561.01,360.19,614.87,458.94,279.94,3358.11,343.72,79.40
2005-08-11,dsm2,base,66,17441.84,16352.10,2563.75,11809.05,4249.95,3652.40,597.55,3946.59,0.00,1.00,450.89,1.57,3.21,1.49,2.94,2797.93,2797.93,466.30,4790.97,445.96,591.79,4167.58,4167.58,869.23,572.17,501.09,8187.26,7789.07,15331.55,485.22,489.64,2723.41,1282.82,7959.73,23392.57,9332.31,4865.23,466.00,393.15,523.80,14061.43,302.09,470.50,381.93,480.04,2570.73,154.01,147.98,539.56,375.25,601.97,447.13,287.64,3367.23,362.64,79.40
2005-08-12,dsm2,base,66,17411.39,16319.70,2566.25,11768.39,4144.52,3578.55,565.97,4064.73,0.00,1.00,476.29,1.69,3.12,1.67,3.01,2757.96,2757.96,493.08,4852.76,454.87,617.03,3790.06,3790.06,920.64,513.21,525.45,8221.92,7829.74,15274.03,510.09,513.17,2469.62,1255.61,7514.72,22693.73,9080.07,4632.06,492.94,414.57,528.26,13629.91,315.84,465.38,414.57,495.81,2304.94,153.38,150.84,527.77,387.12,614.41,455.47,294.48,3359.09,384.42,79.40
2005-08-13,dsm2,base,66,17384.51,16286.40,2579.58,12081.56,4105.73,3680.66,425.07,3776.81,0.00,1.00,487.50,1.98,3.14,2.19,2.92,2782.49,2782.49,514.64,4789.98,477.32,647.40,3772.88,3772.88,977.92,534.06,546.98,8280.01,7877.46,15281.55,531.43,536.05,2266.56,1312.39,7377.38,22720.10,9098.67,4423.48,514.38,435.00,534.27,13564.28,335.31,449.77,447.62,523.65,2457.64,152.68,152.13,520.41,398.55,614.08,476.65,301.48,3385.12,404.60,79.40
2005-08-14,dsm2,base,66,17367.14,16254.00,2625.83,11464.43,3418.45,3020.83,397.62,5110.10,0.00,1.00,486.10,2.34,3.25,2.92,2.88,2829.07,2829.07,536.85,4659.88,491.78,689.36,3893.62,3893.62,1037.05,602.89,573.39,8444.95,7993.09,15400.17,561.62,565.89,2221.50,1414.15,7504.14,23127.87,9293.96,4486.51,536.52,451.58,540.60,13978.22,364.37,449.32,476.76,561.00,2668.31,157.32,152.35,560.15,410.58,617.26,492.47,308.87,3411.45,421.42,79.40
2005-08-15,dsm2,base,66,17349.93,16220.70,2640.42,12093.85,3550.97,3159.54,391.43,4345.53,0.00,1.00,489.80,2.83,3.41,3.85,2.91,2885.38,2885.38,563.49,4540.55,492.71,743.76,4260.83,4260.83,1092.07,714.42,613.32,8619.80,8160.47,15677.04,602.17,604.61,2383.88,1530.07,8020.61,24017.57,9793.59,4648.31,563.10,470.41,543.01,14742.09,396.23,462.49,500.86,600.86,2834.29,166.42,154.90,638.60,425.35,645.99,493.76,317.50,3497.30,437.17,79.40
2005-08-16,dsm2,base,66,17302.18,16188.30,2637.92,11620.80,3938.33,3416.21,522.12,4380.97,0.00,1.00,493.40,3.35,3.55,4.79,2.87,2959.91,2959.91,604.73,4559.71,494.49,810.37,4732.46,4732.46,1146.50,851.99,667.70,8921.54,8383.09,16137.79,648.47,653.58,2673.61,1655.65,8722.84,24933.40,10483.82,4862.91,603.99,494.85,539.95,15682.76,429.59,475.24,523.63,642.21,3409.60,172.80,158.32,727.89,443.06,749.46,495.87,329.20,3599.40,457.13,79.40
2005-08-17,dsm2,base,66,17243.92,16155.90,2680.83,11697.40,4112.84,3631.43,481.41,4114.52,0.00,1.00,497.10,3.77,3.60,5.48,2.76,3071.50,3071.50,662.52,4716.03,498.35,893.03,5180.02,5180.02,1193.62,977.48,742.09,9287.99,8633.61,16657.69,706.68,714.44,3001.63,1718.25,9421.60,25625.36,11065.99,5229.16,662.12,529.54,529.76,16427.22,465.86,479.29,548.84,682.23,4328.72,178.83,157.43,812.58,465.98,868.05,499.77,344.80,3707.74,484.45,79.40
2005-08-18,dsm2,base,66,17151.61,16122.60,2640.00,11494.25,4004.70,3634.33,370.37,4292.66,0.00,1.00,474.61,4.04,3.57,5.81,2.66,3252.94,3252.94,727.58,5011.95,501.99,965.44,5620.31,5620.31,1244.49,1110.79,817.00,9609.42,8934.11,17131.20,770.66,776.10,3388.50,1720.26,9937.06,25462.25,11327.56,5565.98,726.75,575.73,522.57,16673.14,494.59,479.35,580.76,722.48,5381.67,184.58,162.98,894.13,493.29,944.28,503.40,359.32,3813.42,521.31,79.40
2005-08-19,dsm2,base,66,16978.39,16090.20,2715.00,11693.20,3611.31,3227.10,384.21,4388.88,0.00,1.00,467.50,4.12,3.46,5.72,2.50,3411.91,3411.91,790.25,5410.95,492.12,1017.06,5922.12,5922.12,1291.77,1198.72,866.55,9950.14,9254.74,17374.25,832.20,837.55,3718.88,1715.08,10206.62,25024.90,11594.28,5865.43,788.90,627.93,520.33,16550.37,513.70,481.63,622.94,758.18,6095.05,195.75,161.55,949.72,522.11,978.57,487.12,378.50,3912.09,562.84,79.40
2005-08-20,dsm2,base,66,16772.32,16056.90,2917.50,11472.29,3933.00,3498.64,434.36,4284.53,0.00,1.00,471.70,3.95,3.32,5.15,2.36,3465.31,3465.31,843.55,5808.27,477.08,1044.41,6007.93,6007.93,1323.29,1226.64,901.24,10256.12,9573.10,17300.59,879.43,885.31,3851.42,1711.83,10186.14,24254.10,11696.84,5966.29,842.79,676.71,517.52,16171.94,526.59,485.52,675.24,782.89,6448.40,197.42,160.98,967.03,553.53,971.20,475.64,401.92,4020.77,601.40,79.40
2005-08-21,dsm2,base,66,16534.68,16024.50,2972.08,11672.56,3983.13,3536.83,446.30,3851.07,0.00,1.00,447.11,3.57,3.21,4.35,2.29,3484.04,3484.04,882.18,6064.40,475.95,1059.49,5981.77,5981.77,1350.29,1205.73,921.44,10534.05,9844.83,17070.72,910.40,915.70,3762.22,1725.50,10116.98,23378.15,11717.44,5977.18,881.86,712.93,516.89,15760.69,538.63,486.43,734.44,804.95,6431.58,192.10,161.36,925.56,577.95,947.10,477.63,420.63,4147.75,636.93,79.40
2005-08-22,dsm2,base,66,16402.99,15991.20,2915.42,11581.33,4251.10,3753.55,497.55,3485.98,0.00,1.00,416.71,3.05,3.09,3.52,2.32,3489.99,3489.99,907.34,6164.43,462.20,1071.64,5934.27,5934.27,1375.46,1161.73,933.34,10667.47,10021.61,16739.26,929.39,933.39,3774.64,1741.27,10035.44,22839.65,11719.73,5913.69,906.89,743.51,516.34,15546.13,550.77,478.20,793.82,820.48,6372.95,188.96,161.06,893.61,599.57,936.09,458.35,438.22,4309.52,663.89,79.40
2005-08-23,dsm2,base,66,16308.88,15958.80,2659.57,12317.73,4312.62,3795.30,517.32,2338.09,0.00,0.00,408.80,2.59,2.98,2.92,2.36,3491.29,3491.29,923.07,6366.08,433.32,1075.71,5687.30,5687.30,1402.28,1084.72,941.50,10710.88,10102.81,16458.53,940.67,945.54,3677.50,1763.17,9753.14,22366.69,12659.33,6059.56,922.91,767.89,518.51,15099.03,560.32,471.26,826.03,831.52,5975.30,181.37,163.31,862.22,615.10,916.54,431.45,452.57,4409.30,685.45,79.40
2005-08-24,dsm2,base,66,16250.70,15925.50,2498.75,11691.49,3989.41,3585.64,403.77,3068.55,0.00,0.00,414.60,2.23,2.99,2.54,2.43,3499.03,3499.03,933.29,6890.47,419.00,1084.15,5390.11,5390.11,1428.07,1004.86,948.69,10922.79,10056.29,16344.76,948.59,951.72,3595.90,1787.92,9366.69,22296.81,13341.94,6263.77,933.03,778.08,522.37,14776.22,574.55,461.00,838.33,839.24,5837.59,177.27,163.31,832.63,639.10,907.08,420.97,465.67,4474.67,709.55,79.40
2005-08-25,dsm2,base,66,16196.56,15893.10,2480.00,11671.74,3996.61,3549.86,446.75,3008.21,0.00,0.00,429.99,2.06,3.11,2.30,2.57,3582.92,3582.92,938.60,7451.83,420.42,1098.62,5292.83,5292.83,1474.83,969.24,959.44,11134.46,10054.15,16386.08,952.84,957.23,3653.78,1849.70,9193.35,22848.72,13724.89,6373.15,938.43,792.08,525.86,14780.46,596.77,441.19,857.89,860.89,5722.60,176.64,163.16,828.70,653.48,913.17,421.76,476.52,4599.09,722.06,79.40
2005-08-26,dsm2,base,66,16173.00,15859.80,2438.26,11722.84,4091.11,3583.91,507.20,2797.31,0.00,0.00,469.58,2.04,3.21,2.31,2.68,3787.33,3787.33,947.42,8004.42,432.76,1132.26,5480.81,5478.09,1539.04,1021.31,981.02,11365.71,10169.88,16648.44,966.99,972.52,3933.86,1996.23,9361.87,24016.03,14206.91,6571.50,947.27,799.59,529.08,15310.32,633.03,425.18,889.01,898.97,6006.81,172.65,164.75,852.14,665.47,953.34,432.42,486.72,4845.53,734.10,79.40
2005-08-27,dsm2,base,66,16147.02,15827.40,2386.25,11673.32,4098.73,3582.86,515.87,2761.22,0.00,0.00,477.10,2.09,3.22,2.44,2.60,4005.44,4005.44,968.26,8477.79,463.73,1184.47,5665.79,5665.79,1617.52,1057.20,1019.12,11613.02,10402.37,17055.54,1001.31,1005.98,4349.56,2169.33,9666.42,25088.99,14616.50,6892.51,967.83,812.00,531.82,15863.02,672.75,420.03,911.69,947.18,6270.99,172.10,167.30,889.67,673.71,996.85,457.40,498.69,5075.48,745.52,79.40
2005-08-28,dsm2,base,66,16122.55,15794.10,2456.25,11670.20,3919.04,3397.17,521.87,2989.56,0.00,0.00,477.50,2.21,3.24,2.64,2.56,4081.01,4081.01,1002.53,8801.32,481.39,1240.27,5661.38,5661.38,1687.87,1059.18,1063.32,11812.82,10638.11,17402.19,1047.27,1055.18,4560.66,2267.38,9705.43,25497.15,14853.34,7144.97,1002.14,831.81,535.08,16207.94,702.22,423.93,926.99,985.38,6214.12,172.97,166.44,928.39,686.01,1014.22,480.40,512.54,5262.43,763.75,79.40
2005-08-29,dsm2,base,66,16080.73,15761.70,2261.25,11743.79,3700.15,3246.61,453.54,2898.04,0.00,0.00,481.00,2.37,3.41,2.88,2.64,4082.12,4082.12,1046.06,9088.11,483.84,1296.80,5661.44,5661.44,1752.91,1076.74,1106.91,12055.00,10865.83,17645.15,1098.28,1105.41,4755.52,2382.06,9824.88,25814.67,15144.28,7222.13,1045.61,864.09,536.75,16462.24,727.62,440.77,939.77,1031.67,6422.87,179.59,166.83,970.62,703.19,1101.00,484.24,527.99,5476.23,788.06,79.40
2005-08-30,dsm2,base,66,16048.07,15728.40,2037.08,11714.75,3457.70,2933.57,524.13,2912.70,0.00,1.00,462.11,2.53,3.68,3.09,2.87,4151.36,4151.36,1097.85,8911.03,486.19,1371.13,6020.42,6020.42,1819.01,1163.71,1160.32,12428.72,11146.34,18021.32,1147.39,1156.53,5124.17,2545.82,10303.11,26954.01,15202.21,6456.81,1097.01,902.72,538.09,17230.83,765.48,456.90,956.48,1092.20,7256.87,186.53,169.19,1024.37,729.57,1163.36,486.14,546.12,5814.84,822.09,79.40
2005-08-31,dsm2,base,66,15997.58,15696.00,1965.83,11734.95,3505.79,2962.55,543.24,2722.68,0.00,1.00,527.66,2.61,3.86,3.12,3.23,4409.45,4409.45,1158.89,8198.12,479.67,1473.23,6841.32,6841.32,1906.99,1362.57,1251.09,12726.99,11550.35,18703.18,1215.38,1223.27,5854.75,2729.84,11346.41,28410.73,14902.09,6727.95,1158.63,946.10,539.25,18513.64,822.63,459.44,977.59,1175.01,8951.56,196.13,167.83,1159.97,760.76,1344.33,482.42,567.55,6347.07,859.46,84.20
2005-09-01,dsm2,base,66,15958.69,15662.70,2008.75,11754.64,3110.56,2495.23,615.33,3102.24,0.00,0.00,592.87,2.56,3.89,3.07,3.38,4748.98,4748.98,1241.15,7842.73,494.22,1581.82,7411.35,7411.35,2004.28,1549.91,1357.81,12952.51,12006.64,19457.22,1306.16,1314.78,6632.03,2813.43,12111.84,29326.05,15344.39,8083.96,1240.47,1003.04,541.40,19297.10,880.65,459.27,1030.35,1256.14,9815.57,207.75,168.33,1327.46,783.11,1467.66,489.67,591.74,6680.48,899.49,84.20
2005-09-02,dsm2,base,66,15912.70,15630.30,1986.67,11752.67,3035.44,2439.30,596.14,3111.26,0.00,0.00,632.18,2.48,3.76,2.97,3.17,4996.60,4996.60,1332.86,8474.21,551.10,1663.94,7538.46,7538.46,2102.22,1603.78,1441.97,13438.16,12363.51,20109.25,1399.92,1408.74,7260.07,2824.30,12308.61,29425.52,16578.75,8396.56,1332.11,1073.87,542.42,19395.66,917.90,460.42,1080.85,1324.22,10332.65,206.71,168.91,1402.94,807.65,1513.17,557.77,617.63,6813.25,955.09,84.20
2005-09-03,dsm2,base,66,16572.42,16299.00,2011.25,11706.35,2765.79,2185.86,579.93,4111.53,0.00,0.00,622.31,2.37,3.59,2.78,2.91,5043.07,5043.07,1415.77,9090.95,608.15,1709.19,7183.57,7183.57,2177.29,1507.76,1501.12,13904.46,12691.51,20404.29,1474.72,1481.28,7334.42,2808.34,11899.01,28548.48,17086.63,8453.05,1415.19,1140.76,545.11,19015.32,939.43,463.76,1112.70,1358.20,10556.13,189.24,169.19,1364.40,857.99,1480.71,613.14,648.02,6818.42,1010.40,84.20
2005-09-04,dsm2,base,66,16852.08,16559.10,2111.67,11664.04,2615.49,2053.29,562.20,4684.21,0.00,0.00,612.50,2.23,3.47,2.56,2.81,4935.19,4935.19,1473.92,9614.09,632.66,1733.78,6700.25,6700.25,2230.55,1309.29,1529.32,14270.43,13033.68,20408.37,1519.77,1525.79,7150.57,2755.66,11348.75,27454.19,17336.21,8327.39,1473.59,1199.15,550.22,18309.38,948.62,472.89,1145.75,1377.93,10707.97,180.29,170.56,1260.00,910.06,1401.64,631.99,674.13,6856.24,1053.67,84.20
2005-09-05,dsm2,base,66,16853.31,16551.00,2188.75,11682.28,2625.30,1993.81,631.49,4734.48,0.00,0.00,617.00,2.11,3.48,2.27,2.81,4790.11,4790.11,1511.58,10124.82,622.80,1745.11,6174.73,6174.73,2278.39,1135.18,1542.01,14571.93,13338.89,20182.50,1541.18,1547.68,6890.39,2712.15,10883.66,26658.12,17471.27,8099.55,1511.43,1232.24,556.68,17746.15,955.90,505.18,1174.21,1378.72,10487.93,179.31,170.54,1154.38,951.52,1341.64,621.32,697.49,6990.07,1093.80,83.80
2005-09-06,dsm2,base,66,16368.48,16083.90,2112.92,11673.81,2553.02,1941.19,611.83,4254.56,0.00,0.00,596.51,2.01,3.58,2.03,3.00,4711.81,4711.81,1526.36,10727.50,618.76,1754.78,6035.15,6035.15,2344.84,1096.43,1543.00,14950.84,13634.16,20046.65,1549.23,1556.32,6888.61,2789.18,10789.11,26880.68,17656.99,7966.04,1526.14,1273.02,565.06,17660.42,974.55,552.85,1205.01,1405.94,10459.68,181.81,170.46,1145.35,998.54,1332.13,619.64,719.54,7241.08,1140.25,79.40
2005-09-07,dsm2,base,66,16880.33,16471.80,1981.25,11646.99,2421.23,1843.17,578.06,4793.36,0.00,0.00,592.90,1.94,3.67,1.93,3.29,4747.21,4747.21,1533.25,11350.29,614.75,1784.74,6227.05,6227.05,2414.48,1123.66,1559.28,15353.87,14016.05,20116.55,1558.76,1566.01,7391.78,2902.44,11047.57,27407.45,17917.88,8025.94,1533.10,1291.26,573.55,17962.19,1011.80,581.20,1241.69,1434.80,10782.38,186.95,170.85,1178.77,1014.75,1374.54,610.69,738.29,7645.05,1162.76,83.60
2005-09-08,dsm2,base,66,17084.33,16541.10,2009.17,11621.96,2122.62,1621.61,501.01,5348.91,0.00,0.00,585.40,1.93,3.71,1.95,3.45,4814.47,4814.47,1548.36,11825.95,600.59,1820.51,6360.41,6360.41,2491.48,1132.80,1593.96,15715.89,14412.92,20341.26,1583.31,1588.53,7956.21,2950.51,11141.04,27868.25,18249.85,8211.98,1547.89,1293.92,581.59,18273.75,1044.59,589.74,1279.37,1449.02,11242.49,184.63,171.42,1220.56,1036.98,1433.37,600.24,753.99,8065.99,1177.65,83.80
2005-09-09,dsm2,base,66,16845.69,16172.10,2048.33,11634.00,1806.90,1334.87,472.03,5453.12,0.00,0.00,597.89,1.99,3.76,1.99,3.47,4823.32,4823.32,1575.11,12231.70,594.42,1853.67,6234.41,6234.41,2571.30,1145.16,1621.49,16025.53,14785.76,20535.73,1610.96,1617.04,8338.76,2928.05,11039.93,28352.14,18465.26,8406.62,1574.41,1318.06,588.78,18342.98,1061.05,593.79,1319.04,1454.73,11590.49,181.34,173.28,1226.10,1039.59,1448.76,594.50,765.66,8424.86,1184.67,83.60
2005-09-10,dsm2,base,66,17018.02,16203.60,2157.08,11624.57,1829.90,1294.01,535.89,5720.64,0.00,0.00,608.30,2.11,3.81,2.19,3.47,4846.80,4846.80,1600.69,12616.68,594.49,1885.87,6255.22,6255.22,2628.55,1174.89,1641.53,16273.63,15123.79,20743.32,1638.22,1644.04,8652.72,2937.71,10958.04,28772.31,18672.18,8605.34,1599.91,1339.94,595.73,18521.79,1078.06,592.01,1359.56,1464.93,11746.39,183.68,176.41,1196.63,1054.50,1441.11,594.08,785.79,8752.52,1213.02,83.80
2005-09-11,dsm2,base,66,17573.20,16605.90,2254.58,11479.24,1876.28,1345.95,530.33,6472.27,0.00,0.00,569.22,2.29,3.87,2.59,3.37,4815.27,4815.27,1622.78,12987.71,606.48,1918.91,6290.43,6290.43,2666.40,1222.48,1659.07,16515.09,15426.78,20948.83,1662.96,1672.47,9160.35,2981.67,10994.05,29072.54,18852.71,8836.98,1622.28,1361.31,601.01,18719.01,1093.21,586.68,1393.35,1480.64,12246.81,186.62,177.15,1168.34,1063.05,1396.34,605.61,809.68,9063.14,1236.80,84.00
2005-09-12,dsm2,base,66,17596.83,16499.70,2350.00,11735.17,2018.51,1482.57,535.94,6193.15,0.00,0.00,525.02,2.49,3.94,3.10,3.30,4715.20,4715.20,1642.35,13254.35,587.35,1938.00,6304.26,6304.26,2656.18,1289.18,1674.15,16789.62,15711.77,21148.93,1693.37,1698.99,9702.88,3008.23,11055.41,29347.42,18959.57,8932.76,1641.77,1385.23,603.69,19115.37,1101.39,579.73,1423.11,1485.48,12895.84,201.47,181.15,1200.62,1066.16,1307.57,594.73,834.57,9341.85,1259.10,84.20
2005-09-13,dsm2,base,66,17586.01,16358.40,2333.33,11896.07,1964.10,1447.54,516.56,6059.17,0.00,0.00,495.41,2.74,4.06,3.69,3.41,4576.85,4576.85,1658.98,13431.22,545.16,1953.14,6285.85,6285.85,2619.11,1339.06,1691.51,17023.59,15996.17,21233.08,1713.23,1719.80,10331.08,2955.89,11031.98,29623.12,19059.20,8945.01,1657.93,1409.23,603.39,19289.85,1096.55,580.68,1450.59,1477.59,13661.10,213.74,180.57,1308.09,1069.99,1323.81,552.87,855.63,9590.46,1278.64,84.20
2005-09-14,dsm2,base,66,17534.61,16337.70,2322.92,11822.17,2010.07,1506.37,503.70,6025.29,0.00,0.00,486.70,3.00,4.18,4.17,3.42,4414.61,4414.61,1675.95,13627.69,511.89,1985.75,6247.45,6247.45,2606.61,1376.53,1714.80,17293.23,16305.54,21351.95,1726.28,1733.60,11189.34,2916.17,11188.12,29878.94,19193.34,9029.33,1675.54,1425.23,603.31,19345.86,1087.13,582.48,1476.11,1474.34,14376.37,211.28,177.29,1321.11,1076.95,1489.74,515.38,874.75,9917.92,1289.88,84.20
2005-09-15,dsm2,base,66,17544.44,16381.80,2363.33,11863.37,2162.54,1649.69,512.85,5881.86,0.00,0.00,482.10,3.21,4.27,4.43,3.47,4358.96,4358.96,1697.08,13894.26,495.71,2013.91,6443.48,6443.48,2573.03,1419.37,1747.97,17608.19,16642.39,21519.51,1743.86,1751.46,12029.54,2877.19,11410.97,29962.24,19403.44,9158.10,1696.04,1447.42,594.40,19494.62,1095.29,568.55,1496.28,1473.74,15671.89,209.17,176.15,1381.91,1080.66,1566.08,495.89,889.19,10188.36,1310.04,84.20
2005-09-16,dsm2,base,66,17120.83,16022.70,2377.92,11969.78,2225.15,1699.31,525.84,5303.81,0.00,0.00,467.51,3.41,4.30,4.38,3.56,4423.93,4423.93,1722.28,14185.56,489.76,2031.77,6788.55,6788.55,2554.39,1513.22,1778.00,17917.10,16998.62,21677.96,1765.27,1772.91,12818.36,2795.75,11739.74,29792.82,19629.26,9452.22,1721.35,1469.95,556.63,19586.15,1099.34,547.76,1517.98,1472.27,15383.94,224.55,173.23,1459.57,1046.88,1608.06,489.20,901.95,10536.74,1325.91,84.20
2005-09-17,dsm2,base,66,16840.55,15736.50,2375.83,11919.80,2143.57,1624.44,519.13,5153.01,0.00,0.00,460.00,3.46,4.32,4.24,3.57,4520.09,4520.09,1749.90,14525.18,481.58,2028.51,7034.34,7034.34,2531.90,1608.45,1783.48,18244.89,17358.96,21834.00,1787.04,1794.02,13476.92,2749.09,12003.40,29537.84,19835.14,9671.61,1748.99,1495.52,522.27,19627.91,1086.89,525.22,1540.59,1467.97,16728.10,234.64,174.91,1492.97,1050.79,1607.39,477.83,913.38,10759.75,1347.95,84.20
2005-09-18,dsm2,base,66,17543.44,16546.50,2471.67,11748.27,2421.37,1846.69,574.68,5845.47,0.00,0.00,424.21,3.32,4.29,4.04,3.66,4670.76,4670.76,1768.30,14900.26,469.97,2007.41,7265.31,7265.31,2514.82,1695.59,1779.10,18584.48,17708.40,21894.62,1797.02,1804.14,13935.23,2726.09,12188.52,29220.90,20003.29,9878.58,1767.72,1512.03,504.77,19704.51,1072.92,507.28,1564.96,1471.88,17190.20,229.49,169.76,1495.24,1090.34,1566.34,466.59,923.90,11066.23,1360.21,84.20
2005-09-19,dsm2,base,66,17361.67,16499.70,2463.75,11296.71,2657.84,2020.71,637.13,5870.87,0.00,0.00,427.90,3.11,4.18,3.67,3.71,4755.13,4755.13,1769.50,15243.09,453.42,1975.38,7350.00,7350.00,2495.39,1707.49,1765.25,18855.97,18037.74,21838.39,1789.49,1795.59,14287.04,2706.46,12257.51,28723.19,20124.49,10029.74,1769.37,1519.66,493.49,19399.87,1060.41,493.70,1590.02,1464.85,17421.53,221.32,166.29,1433.19,1105.99,1516.93,438.86,929.06,11323.17,1372.61,84.20
2005-09-20,dsm2,base,66,17070.01,16333.20,2429.57,11225.95,2551.38,2007.19,544.19,5722.24,0.00,0.00,407.51,2.87,3.96,3.45,3.76,4682.17,4682.17,1757.88,15511.07,430.59,1944.34,7095.10,7095.10,2484.05,1600.10,1742.81,19039.07,18321.24,21592.23,1768.33,1773.83,14340.79,2645.03,11992.51,27946.90,20045.54,10009.97,1757.96,1508.66,481.29,19003.50,1042.73,483.88,1620.02,1443.37,17396.20,210.49,177.37,1354.97,1085.83,1453.85,432.06,932.92,11542.20,1369.19,84.20
2005-09-21,dsm2,base,66,16119.27,15586.20,2494.17,11326.89,2313.76,1743.97,569.79,4972.79,0.00,0.00,390.81,2.64,3.77,3.16,3.65,4536.94,4536.94,1733.36,15608.53,422.92,1904.86,6566.72,6566.72,2452.47,1398.87,1703.91,19083.52,18516.52,21152.30,1734.00,1738.41,13924.91,2527.17,11302.78,26667.21,19842.61,9741.34,1733.50,1502.90,465.55,18184.68,1021.27,474.85,1650.99,1398.03,17139.02,198.97,156.48,1258.75,1086.70,1384.79,419.05,931.64,11607.29,1365.95,84.20
2005-09-22,dsm2,base,66,16123.91,15741.90,2437.92,11477.85,2701.47,2147.05,554.42,4382.51,0.00,0.00,399.60,2.37,3.67,2.85,3.56,4356.86,4356.86,1694.70,15698.01,399.82,1862.52,6093.83,6093.83,2419.60,1241.82,1657.62,19044.51,18607.99,20573.86,1691.26,1694.70,13181.61,2436.80,10595.99,25770.83,19514.59,9369.24,1694.95,1498.21,455.64,17474.80,997.70,458.29,1674.56,1357.86,16919.99,192.71,155.16,1158.58,1075.89,1297.11,399.84,926.31,11667.47,1355.49,83.80
2005-09-23,dsm2,base,66,16091.25,15814.80,2472.17,11292.37,2453.10,1932.52,520.58,4817.96,0.00,0.00,381.31,2.15,3.72,2.63,3.48,4198.92,4198.92,1647.86,15738.52,402.10,1820.91,5801.82,5801.82,2385.96,1154.01,1610.01,18949.38,18640.75,20018.42,1646.57,1650.32,12351.00,2405.21,10178.03,25358.63,19107.63,9143.55,1648.00,1463.46,458.95,16879.67,986.44,441.43,1694.09,1336.72,16801.71,176.57,157.09,1085.75,1092.78,1231.86,402.19,917.24,11734.76,1345.75,79.40
2005-09-24,dsm2,base,66,15562.95,15252.30,2525.42,11534.74,2248.41,1689.93,558.48,4305.21,0.00,0.00,392.90,2.00,3.88,2.42,3.51,4172.24,4172.24,1602.68,15846.32,391.79,1787.44,5830.55,5830.55,2354.46,1132.26,1566.40,18841.69,18634.17,19608.26,1611.28,1614.17,12349.34,2494.49,10197.16,25972.57,18778.98,9063.40,1602.51,1433.53,456.87,16986.31,988.69,423.20,1706.15,1342.07,16691.34,175.53,155.61,1018.40,1072.12,1212.02,395.04,902.82,12022.11,1319.58,79.40
2005-09-25,dsm2,base,66,15892.81,15564.60,2612.92,11566.22,2364.57,1787.93,576.64,4574.94,0.00,0.00,409.99,1.91,4.10,2.25,3.74,4214.58,4214.58,1566.71,15932.13,394.09,1772.49,6075.93,6075.93,2330.46,1217.94,1545.39,18723.12,18621.97,19541.83,1585.60,1591.37,13007.58,2639.54,10558.77,27307.89,18616.82,9156.25,1566.63,1400.55,449.57,17646.69,1010.99,408.75,1711.15,1355.27,16712.56,182.66,150.93,1015.21,1039.60,1190.34,393.50,890.03,12400.24,1289.27,83.80
2005-09-26,dsm2,base,66,15996.32,15664.50,2558.75,11899.60,2311.70,1752.81,558.89,4343.77,0.00,0.00,393.91,1.90,4.23,2.23,3.82,4308.86,4308.86,1548.48,15972.31,409.58,1784.19,6416.45,6416.45,2315.37,1285.38,1552.17,18635.06,18607.23,19753.97,1582.39,1589.24,14013.81,2757.42,10963.02,28784.59,18668.97,9343.86,1547.96,1376.80,431.70,18603.96,1028.04,403.47,1708.55,1366.96,16827.12,182.68,148.18,1096.47,1002.01,1228.47,409.25,876.53,12791.49,1265.29,84.20
2005-09-27,dsm2,base,66,16097.06,15777.00,2437.50,11700.99,2205.85,1660.92,544.93,4627.72,0.00,0.00,379.21,1.93,4.27,2.22,3.59,4388.05,4388.05,1552.56,15939.39,404.17,1815.98,6502.66,6502.66,2317.43,1276.02,1581.67,18592.24,18591.08,20082.54,1592.76,1600.61,14761.34,2802.85,11214.59,29467.30,18807.74,9474.00,1552.17,1366.08,413.50,19027.29,1042.97,396.67,1696.39,1373.95,16937.75,178.99,146.55,1153.42,967.20,1325.66,404.32,864.13,13048.48,1245.09,84.20
2005-09-28,dsm2,base,66,16529.16,16208.10,2322.08,11636.60,2291.14,1665.23,625.91,4923.50,0.00,0.00,394.59,1.98,4.24,2.27,3.55,4351.92,4351.92,1569.49,15860.99,390.45,1833.12,6399.79,6399.79,2321.07,1272.75,1597.01,18595.26,18569.72,20318.51,1605.54,1613.08,15179.03,2725.38,11113.12,29361.34,18951.63,9479.27,1569.31,1370.58,414.25,18885.36,1040.61,397.46,1675.04,1332.90,16946.21,197.87,140.78,1220.17,977.04,1443.72,390.53,859.76,13170.68,1240.04,84.20
2005-09-29,dsm2,base,66,16483.84,16168.50,2235.42,11828.80,2109.67,1505.10,604.57,4780.78,0.00,0.00,409.99,2.05,4.17,2.25,3.67,4269.47,4269.47,1582.20,15789.08,393.60,1818.77,6398.38,6398.38,2312.23,1327.95,1578.64,18619.46,18551.00,20468.20,1602.96,1609.13,15367.79,2578.63,10978.22,28987.14,19043.91,9513.43,1582.09,1382.59,419.81,18577.34,994.41,407.55,1648.42,1211.31,17216.28,196.39,140.76,1257.58,1070.36,1444.51,391.04,861.52,13267.64,1255.00,84.20
2005-09-30,dsm2,base,66,16255.45,15961.50,2194.17,11780.00,2031.81,1419.65,612.16,4637.81,0.00,0.00,417.10,2.09,4.14,2.36,3.77,4195.86,4195.86,1567.91,15746.41,408.59,1782.68,6259.02,6259.02,2306.13,1362.34,1524.04,18652.58,18542.64,20473.85,1574.55,1579.68,15369.74,2478.01,10809.88,28344.53,19064.21,9461.50,1567.90,1384.55,423.26,18185.95,922.62,399.61,1622.89,1120.35,17243.77,195.26,138.27,1261.22,1086.73,1406.55,406.46,858.68,13284.79,1260.44,84.20
2005-10-01,dsm2,base,66,16239.28,15974.10,2164.17,11287.69,2061.65,1201.67,859.98,5054.11,0.00,0.00,431.69,2.09,4.14,2.40,3.82,4165.92,4165.92,1526.42,15799.38,419.72,1735.93,6229.57,6229.57,2282.69,1412.40,1462.61,18700.06,18557.82,20435.12,1520.49,1524.36,15402.78,2394.49,10741.79,27809.39,19093.96,9451.14,1526.65,1367.45,428.30,18008.11,851.54,397.30,1601.98,1072.25,17266.48,191.12,137.55,1257.67,1078.25,1371.11,420.97,853.92,13353.58,1250.77,84.20
2005-10-02,dsm2,base,66,16294.43,16045.20,2137.08,11269.04,1573.59,744.33,829.26,5588.88,0.00,0.00,431.70,2.09,4.16,2.39,3.83,4138.58,4138.58,1471.16,15908.07,431.83,1684.52,6267.31,6267.31,2256.35,1474.65,1406.58,18770.16,18596.14,20456.93,1465.23,1468.91,15600.53,2337.55,10753.16,27726.51,19230.56,9501.70,1471.44,1336.03,439.06,18027.11,786.90,406.75,1587.17,1028.02,16916.19,184.77,137.65,1251.06,1068.74,1336.58,432.35,842.90,13529.55,1230.66,84.20
2005-10-03,dsm2,base,66,16784.52,16533.00,2083.75,11546.19,1282.90,452.31,830.59,6039.18,0.00,0.00,436.70,2.13,4.23,2.49,3.78,4121.44,4121.44,1416.27,16027.16,438.37,1629.24,6278.40,6278.40,2230.05,1481.56,1356.21,18862.76,18648.80,20457.78,1408.52,1413.13,15805.39,2274.06,10750.05,27670.28,19312.54,9474.36,1416.71,1287.39,457.33,17940.41,732.07,417.63,1575.98,984.39,17121.88,175.58,133.26,1228.54,1071.45,1298.96,444.06,819.98,13678.12,1193.24,84.20
2005-10-04,dsm2,base,66,17971.70,17733.60,2020.42,11634.03,1314.40,435.98,878.42,7043.69,0.00,0.00,465.78,2.25,4.30,2.63,3.74,4154.05,4154.05,1358.13,16189.86,440.74,1581.58,6342.99,6342.99,2207.60,1495.10,1304.06,18968.68,18713.41,20496.45,1352.81,1356.85,16047.11,2241.79,10868.92,27781.56,19417.59,9570.15,1358.52,1238.31,487.57,18038.14,690.03,427.26,1565.63,959.36,17311.35,168.12,130.57,1191.90,1017.47,1274.32,446.06,787.36,13908.92,1145.51,84.20
2005-10-05,dsm2,base,66,18217.93,17980.20,1963.75,10979.15,1316.79,404.36,912.43,7885.73,0.00,0.00,529.16,2.42,4.30,2.80,3.84,4201.14,4201.14,1299.88,16354.45,454.80,1531.22,6437.54,6437.54,2173.28,1485.01,1251.77,19083.01,18801.15,20610.80,1295.44,1300.04,16398.36,2208.81,10981.82,28037.43,19528.78,9670.41,1300.16,1188.99,512.36,18221.48,652.75,434.61,1554.31,937.49,17575.77,170.21,126.72,1173.26,981.25,1243.72,456.67,752.85,14166.69,1098.93,84.20
2005-10-06,dsm2,base,66,17630.93,17402.40,1959.58,11172.02,1327.88,411.44,916.44,7090.62,0.00,0.00,589.57,2.57,4.24,3.05,3.93,4181.20,4181.20,1249.58,16452.01,492.88,1481.09,6364.55,6364.55,2127.08,1435.50,1212.38,19162.79,18897.12,20611.80,1250.93,1255.76,16621.92,2137.03,10886.08,27821.13,19551.81,9667.49,1249.38,1140.71,531.70,18120.55,618.42,438.98,1538.66,897.57,17820.59,167.71,129.41,1140.15,937.90,1210.78,490.08,718.98,14337.89,1055.85,84.20
2005-10-07,dsm2,base,66,15023.50,14805.00,2032.92,11051.22,1242.79,361.17,881.62,4762.41,0.00,0.00,619.98,2.65,4.17,3.11,3.99,4038.11,4038.11,1205.97,16528.21,557.36,1433.78,6267.90,6267.90,2060.93,1418.43,1170.83,19189.35,18982.64,20465.72,1213.62,1216.47,16671.11,2035.44,10619.82,27410.07,19470.34,9582.51,1205.39,1104.73,553.47,17829.32,583.95,447.84,1517.78,851.98,17920.08,181.69,130.40,1088.65,897.84,1146.91,550.33,689.10,14497.77,1010.70,84.20
2005-10-08,dsm2,base,66,14635.27,14413.50,2002.08,9827.23,999.66,164.85,834.81,5810.46,0.00,0.00,632.09,2.63,4.10,3.12,3.88,3935.64,3935.64,1165.37,16588.54,609.60,1388.85,6260.75,6260.75,1994.51,1486.73,1129.89,19163.51,19044.56,20253.78,1174.68,1177.66,16661.94,1992.04,10546.59,27127.78,19310.56,9575.29,1164.78,1067.18,580.34,17580.62,556.38,475.06,1492.73,830.42,18008.63,189.32,131.19,1075.11,872.97,1122.40,604.80,664.51,14604.94,976.80,84.20
2005-10-09,dsm2,base,66,14506.60,14279.40,2057.08,12061.33,889.72,3.40,886.32,3612.64,0.00,0.00,623.80,2.53,3.96,3.16,3.61,3818.41,3818.41,1125.05,16623.02,632.11,1344.57,6163.54,6163.54,1913.39,1522.40,1088.39,19104.14,19069.10,20026.81,1134.78,1138.75,16546.01,1948.88,10417.38,26902.21,19103.50,9555.25,1124.88,1031.10,606.10,17531.27,537.21,526.96,1464.59,808.49,17964.52,191.92,130.40,1041.28,839.75,1074.59,632.19,642.78,14707.82,949.89,84.20
2005-10-10,dsm2,base,66,14361.40,14144.40,2152.08,11150.51,956.45,59.24,897.21,4406.52,0.00,0.00,620.00,2.42,3.75,3.08,3.42,3636.82,3636.82,1085.54,16570.78,634.07,1301.60,5945.81,5945.81,1829.19,1451.68,1046.75,19021.01,19062.61,19680.52,1100.09,1103.97,16260.66,1874.86,10075.46,26150.10,18822.64,9383.31,1085.03,998.43,635.76,17086.47,515.81,583.21,1433.44,780.06,17892.68,187.19,127.86,992.17,821.68,1011.61,641.89,620.26,14719.42,920.07,84.20
2005-10-11,dsm2,base,66,13938.10,13716.90,2080.42,11232.61,940.32,85.37,854.95,3845.58,0.00,0.00,581.72,2.38,3.60,3.12,3.22,3388.88,3388.88,1049.62,16434.59,628.21,1247.37,5461.86,5461.86,1736.29,1343.33,1005.42,18913.36,19033.29,19149.53,1065.16,1068.12,15698.08,1746.55,9453.94,25070.99,18427.06,8975.62,1049.58,966.54,681.25,16279.68,489.03,617.74,1402.40,731.79,17754.30,182.19,126.90,909.15,801.06,949.61,634.92,598.82,14601.73,887.85,79.40
2005-10-12,dsm2,base,66,13355.25,13135.50,2012.92,11065.48,1013.11,119.30,893.81,3289.58,0.00,0.00,557.11,2.44,3.53,3.26,3.07,3160.31,3160.31,1014.38,16278.61,604.59,1206.90,5140.48,5140.48,1661.60,1238.21,975.77,18737.56,18976.71,18499.56,1024.34,1029.11,15136.95,1639.20,8972.90,24103.37,17973.49,8510.54,1014.22,937.80,746.71,15496.48,464.30,625.80,1373.44,685.72,17565.66,186.71,127.76,880.91,786.69,902.63,630.30,576.05,14523.84,859.99,79.40
2005-10-13,dsm2,base,66,13516.02,13305.60,2052.08,11098.31,1098.23,194.07,904.16,3371.56,0.00,0.00,557.10,2.57,3.46,3.25,3.00,3043.18,3043.18,978.96,16140.53,576.13,1181.40,5042.97,5042.97,1608.08,1191.21,952.47,18513.19,18875.42,17935.18,985.76,989.13,15043.77,1573.06,8768.00,23408.39,17589.22,8318.41,979.01,903.27,811.42,15047.24,446.59,622.26,1338.22,658.80,17335.40,182.60,125.92,894.07,769.02,925.87,597.84,554.78,14513.63,827.92,79.40
2005-10-14,dsm2,base,66,13307.74,13144.50,2169.17,11268.11,1134.82,255.50,879.32,3073.97,0.00,0.00,562.50,2.75,3.43,3.36,3.00,3011.98,3011.98,946.19,16027.58,565.75,1147.27,5074.11,5074.11,1551.95,1177.03,924.56,18277.85,18722.67,17507.90,948.16,953.35,15119.97,1546.41,8814.35,22930.05,17275.18,8384.65,946.18,873.17,858.99,14743.74,435.42,603.75,1296.94,643.52,16832.24,179.19,126.30,916.95,751.25,942.99,574.49,534.58,14473.04,802.94,79.40
2005-10-15,dsm2,base,66,13492.18,12983.40,2267.08,11211.10,620.78,-115.11,735.89,3927.38,0.00,0.00,557.90,2.92,3.48,3.56,2.95,3028.20,3028.20,917.81,15938.57,565.68,1109.39,5237.77,5237.77,1498.50,1251.50,897.56,18033.35,18520.67,17192.74,923.15,926.82,15268.15,1536.75,8917.63,22447.83,17018.23,8596.66,917.76,843.21,889.91,14660.74,424.60,579.95,1262.79,632.18,16181.09,186.98,128.22,939.36,733.25,948.63,571.83,520.56,14467.73,778.85,79.40
2005-10-16,dsm2,base,66,13299.40,12822.30,2323.33,11249.94,1067.54,183.60,883.94,3305.25,0.00,0.00,497.93,3.08,3.61,3.88,3.07,3132.43,3132.43,895.13,15882.49,565.26,1068.29,5573.72,5573.72,1460.89,1422.97,870.57,17773.38,18259.78,17077.95,900.65,903.60,15581.49,1556.75,9196.78,22791.22,16862.79,8882.19,895.18,822.81,913.93,14848.59,415.53,568.00,1229.35,632.05,16021.20,191.41,130.18,995.34,723.33,970.89,572.96,512.45,14486.20,766.27,79.40
2005-10-17,dsm2,base,66,12976.48,12661.20,2326.67,11166.81,1159.91,281.44,878.47,2976.43,0.00,0.00,472.91,3.21,3.68,4.15,3.31,3386.15,3386.15,873.73,15869.79,525.15,1047.26,6166.91,6166.91,1449.97,1669.37,849.95,17532.95,17984.62,17256.18,878.53,881.31,15907.86,1622.15,9864.89,23604.52,16866.38,9365.51,873.77,796.17,935.09,15495.89,415.32,567.56,1196.35,653.54,15968.70,203.91,130.38,1099.08,702.52,1016.42,551.68,502.23,14574.37,740.66,84.20
2005-10-18,dsm2,base,66,12801.93,12500.10,2306.25,11147.55,1120.81,338.17,782.64,2839.82,0.00,0.00,451.31,3.27,3.69,4.34,3.35,3654.70,3654.70,853.62,15857.02,487.94,1034.95,6619.66,6619.66,1450.39,1897.39,848.63,17378.77,17740.43,17608.80,861.59,865.46,16112.17,1679.10,10401.75,24341.51,17014.08,9858.53,853.35,781.95,945.91,16034.47,419.14,563.71,1162.40,667.08,15981.70,211.18,130.01,1176.06,688.74,1084.13,502.26,495.16,14675.87,721.62,84.20
2005-10-19,dsm2,base,66,12639.95,12339.00,2278.75,11113.45,920.40,128.36,792.04,2884.84,0.00,0.00,483.29,3.22,3.67,4.32,3.16,3798.28,3798.28,842.60,15848.00,464.64,1029.29,6906.89,6906.89,1447.54,2010.48,847.25,17309.67,17558.85,17864.11,853.09,857.26,16097.25,1699.50,10662.03,24639.81,17178.93,10064.50,842.26,764.87,950.88,16304.75,421.07,530.45,1127.48,666.50,15985.63,208.53,131.86,1229.99,668.80,1106.19,478.84,489.08,14711.47,706.84,84.20
2005-10-20,dsm2,base,66,12472.02,12177.90,2425.42,11137.77,1159.67,337.01,822.66,2600.00,0.00,0.00,477.90,3.05,3.61,4.01,3.10,3957.65,3957.65,837.18,15854.37,475.59,1029.49,7122.98,7122.98,1450.43,2070.96,843.00,17266.40,17437.03,18008.40,850.64,854.73,16025.97,1743.46,10936.08,24807.54,17286.47,10191.08,836.81,754.35,949.71,16593.20,424.55,496.53,1092.22,672.71,15996.49,216.50,142.19,1245.49,660.43,1131.61,469.10,483.19,14783.02,698.45,84.20
2005-10-21,dsm2,base,66,12297.78,12016.80,2635.42,11029.58,1296.93,444.36,852.57,2606.69,0.00,0.00,466.50,2.77,3.54,3.55,3.10,4020.88,4020.88,833.03,15860.89,483.69,1028.72,7135.94,7135.94,1440.90,2074.52,839.88,17238.95,17355.48,18065.27,850.23,853.55,15849.83,1757.10,10921.16,24801.83,17328.71,10236.64,832.83,748.39,945.64,16611.79,424.85,473.11,1056.25,670.99,15960.60,210.94,146.37,1226.67,647.94,1110.60,488.23,478.64,14790.92,692.69,84.20
2005-10-22,dsm2,base,66,12145.35,11856.60,2672.92,10303.73,1291.41,454.78,836.63,3223.12,0.00,0.00,452.50,2.42,3.52,3.03,3.21,4008.00,4008.00,827.76,15858.01,473.03,1023.19,7027.70,7027.70,1428.04,2033.39,832.86,17211.70,17299.88,18001.29,848.13,852.79,15620.37,1757.84,10811.34,24783.26,17307.96,10145.36,827.54,745.90,942.44,16523.06,423.65,483.10,1017.84,664.38,15811.85,204.05,132.28,1180.22,637.09,1075.14,478.92,476.55,14802.24,688.63,84.20
2005-10-23,dsm2,base,66,11981.30,11695.50,2708.33,9973.09,1227.63,407.95,819.68,3488.91,0.00,0.00,419.21,2.09,3.61,2.54,3.37,3924.37,3924.37,821.32,15831.46,459.39,1010.60,6892.65,6892.65,1404.68,1973.70,819.19,17178.94,17257.47,17903.61,844.66,847.93,15398.57,1723.46,10644.90,25011.32,17218.87,9971.40,821.04,745.39,938.99,16487.73,418.44,485.90,984.59,653.28,15585.88,205.40,133.02,1119.61,625.74,1033.96,466.38,476.47,14811.89,679.11,84.20
2005-10-24,dsm2,base,66,11829.99,11534.40,2931.25,9258.50,1108.37,344.35,764.02,4394.36,0.00,0.00,410.00,1.83,3.80,2.10,3.59,3931.75,3931.75,817.29,15802.60,429.78,1001.48,6920.94,6920.94,1383.85,1979.76,803.65,17141.01,17221.13,17927.47,834.69,839.37,15372.88,1737.15,10688.18,25815.37,17169.17,9845.41,817.30,741.75,935.79,16789.81,412.88,474.90,956.29,652.71,15545.13,209.03,133.38,1099.16,623.15,1023.20,441.84,474.17,14886.43,677.45,84.20
2005-10-25,dsm2,base,66,11679.57,11373.30,3050.00,10298.67,954.48,231.06,723.42,3476.42,0.00,0.00,412.50,1.67,3.98,1.79,3.65,4057.26,4057.26,809.55,15784.51,415.20,994.59,7151.34,7151.34,1372.24,2047.96,795.27,17115.67,17187.04,18160.71,824.61,828.63,15562.70,1794.81,10923.01,27194.07,17260.68,9881.14,809.66,734.89,932.99,17521.32,409.43,456.60,933.96,652.51,15648.49,211.23,133.01,1116.17,614.07,1049.87,420.69,471.11,14992.73,671.40,84.20
2005-10-26,dsm2,base,66,11532.14,11212.20,3012.50,9903.34,773.25,84.21,689.04,3868.05,0.00,0.00,442.69,1.61,4.05,1.69,3.79,4200.47,4200.47,802.24,15764.59,415.32,998.95,7354.71,7354.71,1374.66,2063.68,801.95,17127.67,17157.25,18636.80,818.61,822.71,15829.17,1844.96,11209.62,28227.84,17514.69,10052.82,802.37,727.52,925.66,18115.40,409.15,428.72,915.60,656.02,15777.84,207.78,133.20,1182.60,605.28,1083.10,419.08,466.21,15101.18,665.13,84.20
2005-10-27,dsm2,base,66,11405.12,11051.10,2954.58,9735.27,663.64,-49.59,713.23,3960.79,0.00,0.00,434.20,1.62,3.97,1.71,3.85,4299.38,4299.38,800.40,15725.18,439.71,1010.51,7346.96,7346.96,1386.24,2032.30,820.29,17188.17,17140.13,19167.13,815.99,820.99,15992.21,1848.37,11401.12,28565.99,17864.55,10224.16,800.40,719.21,884.54,18288.56,408.53,420.31,901.27,647.68,15776.08,195.23,134.62,1219.61,585.40,1139.64,441.83,459.22,15139.08,659.55,84.20
2005-10-28,dsm2,base,66,11284.34,10890.00,2780.83,10422.36,581.00,-103.45,684.45,3061.81,0.00,0.00,428.80,1.68,3.83,1.85,3.65,4213.69,4213.69,804.07,15678.19,439.34,1008.49,7106.34,7106.34,1387.79,1908.05,828.81,17284.26,17146.76,19461.47,818.40,824.64,15966.35,1767.17,11214.14,28125.64,18100.19,10251.60,804.01,716.69,808.99,17971.53,403.02,426.94,889.47,618.69,15725.70,183.07,136.27,1185.72,576.11,1118.09,444.28,455.01,15116.83,657.03,84.20
2005-10-29,dsm2,base,66,11220.17,10728.90,2642.08,9885.07,201.61,-513.03,714.64,3775.58,0.00,0.00,458.29,1.79,3.70,1.98,3.23,4113.02,4113.02,810.38,15666.29,433.78,1001.63,6857.98,6857.98,1401.66,1826.99,824.62,17388.73,17179.62,19650.64,825.31,829.55,15781.66,1713.45,10899.15,27316.73,18272.37,10116.22,810.35,711.81,771.52,17610.57,396.02,442.34,879.23,594.79,15680.17,180.47,140.60,1135.83,581.16,1082.41,439.75,452.94,15058.63,654.89,84.20
2005-10-30,dsm2,base,66,11416.24,10886.40,2582.08,9961.36,410.09,-351.03,761.12,3626.87,0.00,0.00,489.99,1.97,3.56,2.30,2.84,3991.86,3991.86,813.04,15690.39,453.67,986.46,6636.65,6636.65,1408.13,1757.24,812.62,17510.43,17235.48,19713.40,821.72,825.84,15578.17,1650.81,10707.90,26517.47,18444.70,9944.31,813.01,715.39,757.12,17311.13,388.08,440.06,870.20,583.19,15616.45,176.08,151.61,1104.64,595.77,1047.26,455.54,452.62,15012.60,659.34,84.20
2005-10-31,dsm2,base,66,12089.03,11506.50,1584.58,11366.46,444.03,-338.12,782.15,1863.12,0.00,0.00,511.64,2.25,3.45,2.78,2.66,3885.04,3885.04,805.61,15763.03,485.52,973.76,6472.58,6472.58,1419.32,1711.71,797.66,17628.33,17313.57,19683.95,809.66,814.62,15290.74,1613.80,10506.48,25837.66,18544.39,9798.66,805.56,712.73,807.86,17066.01,381.75,436.69,862.29,577.37,15549.20,171.48,145.77,1060.05,589.88,1006.80,485.32,448.31,14948.96,656.87,84.20
2005-11-01,dsm2,base,66,12204.60,11589.30,1584.58,5300.53,1509.08,936.71,572.37,6979.57,0.00,0.00,526.69,2.69,3.39,3.35,2.86,3853.01,3853.01,790.77,15853.55,499.49,961.72,6482.82,6482.82,1433.54,1680.41,778.42,17744.91,17400.97,19600.28,796.16,800.15,15050.80,1610.66,10514.07,25215.89,18562.08,9749.65,790.70,709.93,871.39,16896.56,379.84,441.25,855.88,589.75,15474.47,175.19,140.26,1056.24,605.91,985.10,508.44,445.76,14920.37,662.27,84.20
2005-11-02,dsm2,base,66,12021.91,11418.30,2409.00,10111.46,1221.97,710.55,511.42,3097.48,0.00,0.00,557.89,2.83,3.45,3.92,2.90,3763.66,3763.66,776.10,15953.58,523.29,946.33,6527.12,6527.12,1423.89,1735.60,774.17,17826.68,17486.02,19405.34,781.02,785.90,14920.08,1563.67,10561.72,24922.49,18499.67,9695.89,775.64,704.90,893.95,16747.43,376.89,458.11,851.19,581.46,15424.33,193.56,150.13,1044.75,602.35,976.09,533.44,441.81,14916.66,636.83,84.20
2005-11-03,dsm2,base,66,11733.00,11070.00,2338.00,9895.76,1174.23,661.25,512.98,3001.01,0.00,0.00,563.80,2.86,3.54,4.33,2.89,3808.24,3808.24,760.85,16119.65,553.67,939.97,6875.34,6875.34,1413.85,1905.18,758.30,17881.54,17578.34,19258.52,772.75,776.03,15040.36,1604.97,10884.21,25610.44,18410.20,9933.50,759.99,695.54,898.99,17099.02,376.58,485.33,847.76,592.61,15505.23,219.47,154.50,1108.88,595.42,1002.52,555.91,438.44,15009.33,625.04,84.20
2005-11-04,dsm2,base,66,12147.00,11448.00,2278.00,11375.47,899.30,419.85,479.45,2150.23,0.00,0.00,568.80,3.04,3.70,4.56,3.05,3960.73,3960.73,749.98,16260.60,566.93,941.80,7227.69,7227.69,1394.27,2060.35,755.59,17913.49,17662.38,19311.84,766.71,770.31,15164.46,1660.06,11249.74,26356.61,18429.59,10341.38,748.94,686.28,901.29,17393.81,382.56,508.70,841.33,607.07,15535.84,227.26,157.00,1200.60,589.52,1060.27,574.90,441.27,15098.11,620.12,84.20
2005-11-05,dsm2,base,66,10436.60,9948.60,2253.00,7039.93,1039.76,516.18,523.58,4609.91,0.00,0.00,571.30,3.13,3.91,4.47,3.33,4298.00,4298.00,747.55,16414.51,571.69,955.99,7879.70,7879.70,1381.48,2435.75,769.42,17979.61,17730.44,19574.80,770.96,776.40,15413.76,1812.04,11982.88,27334.78,18592.94,10751.00,746.59,676.70,901.05,18366.70,396.81,535.96,835.93,640.25,15807.97,266.96,159.61,1350.45,590.03,1164.53,579.80,440.69,15257.93,627.04,84.20
2005-11-06,dsm2,base,66,11839.90,11313.90,2242.00,10615.77,988.00,475.84,512.16,2478.13,0.00,0.00,609.08,3.04,4.10,4.16,3.61,4704.85,4704.85,759.05,16555.58,576.24,987.51,8599.33,8599.33,1378.26,2809.27,790.95,18081.95,17808.61,20093.70,790.18,795.38,15698.50,1993.87,12758.00,28907.39,18913.31,11174.39,757.76,676.62,899.21,19442.54,416.01,548.76,833.47,676.25,16234.62,300.67,159.34,1556.86,587.19,1308.73,584.50,436.78,15405.89,615.79,84.20
2005-11-07,dsm2,base,66,11684.80,10972.80,2217.00,10515.39,708.89,337.71,371.18,2677.52,0.00,0.00,619.80,2.73,4.26,3.69,3.79,5157.23,5157.23,774.98,16668.43,598.05,1024.37,9232.63,9232.63,1387.98,3113.65,814.52,18253.35,17899.32,20744.15,815.14,821.32,16121.88,2183.97,13503.52,30460.83,19343.77,11729.23,773.73,686.04,895.53,20525.59,436.95,548.38,829.16,713.97,16850.31,322.94,157.68,1721.57,589.00,1442.39,599.74,436.85,15539.15,616.76,84.20
2005-11-08,dsm2,base,66,11897.90,11088.90,2194.00,9858.51,157.33,-144.17,301.50,4076.06,0.00,0.00,630.40,2.50,4.31,3.11,3.91,5454.32,5454.32,797.47,16750.89,617.14,1064.19,9642.36,9642.36,1416.58,3236.41,851.54,18465.86,18014.38,21374.50,847.39,853.30,16417.07,2320.22,13947.38,31681.93,19819.48,12038.78,796.64,698.82,830.91,21311.61,453.35,533.91,823.88,739.84,17284.94,327.49,159.51,1778.77,595.52,1506.20,623.59,444.94,15641.98,629.81,87.00
2005-11-09,dsm2,base,66,12480.80,11674.80,2158.00,9988.06,544.96,109.50,435.46,4105.78,0.00,0.00,642.89,2.43,4.30,2.82,3.94,5482.27,5482.27,824.10,16805.85,628.27,1090.07,9569.80,9569.80,1448.06,3114.91,895.27,18669.83,18151.34,21875.84,877.29,885.43,16668.42,2272.03,14021.85,31430.18,20208.42,12364.77,822.29,716.01,651.36,21155.45,455.86,535.59,818.30,739.02,17524.89,285.69,165.10,1699.55,608.01,1465.69,632.94,452.98,15671.54,635.64,86.20
2005-11-10,dsm2,base,66,13656.30,12858.30,2115.00,11475.20,544.66,117.17,427.49,3751.44,0.00,0.00,660.39,2.22,4.14,2.57,3.68,5385.40,5385.40,858.27,16888.76,638.57,1114.18,9326.32,9326.32,1488.29,2929.63,920.74,18896.62,18310.35,22159.72,902.48,909.89,16781.33,2223.62,13804.42,30991.25,20488.96,12299.56,857.83,732.92,638.67,20912.89,450.76,536.43,813.66,725.82,17647.82,266.70,168.44,1628.03,622.08,1425.06,645.14,461.44,15690.95,654.66,84.20
2005-11-11,dsm2,base,66,15705.80,14923.80,2058.00,10835.56,539.42,168.90,370.52,6388.82,0.00,0.00,665.80,2.26,4.01,2.61,3.48,5009.95,5009.95,894.63,16899.45,651.92,1127.07,8489.25,8489.25,1505.45,2396.88,941.14,19029.76,18476.80,22123.64,925.51,929.94,16661.12,2023.73,13009.02,29382.28,20502.19,12046.48,894.13,754.36,650.77,19964.58,438.83,555.14,810.77,670.99,17713.62,219.84,169.82,1431.40,640.14,1298.62,659.58,467.90,15637.83,668.76,84.20
2005-11-12,dsm2,base,66,16267.20,15487.20,2010.00,10817.38,651.14,183.92,467.22,6808.68,0.00,0.00,682.89,2.41,3.89,2.92,3.21,4843.75,4843.75,917.46,16985.24,664.04,1125.58,7964.57,7964.57,1531.24,2139.83,933.77,19215.23,18648.94,21992.92,934.28,939.06,16520.84,1938.70,12559.06,28264.32,20537.96,11695.15,917.10,774.27,665.56,19325.43,432.48,557.67,810.62,656.03,17813.45,210.22,173.43,1325.16,668.52,1238.86,670.40,477.95,15612.52,693.20,84.20
2005-11-13,dsm2,base,66,15212.30,14433.30,1970.00,10918.06,1064.63,529.60,535.03,5199.61,0.00,0.00,705.79,2.73,3.77,3.53,3.12,4645.43,4645.43,922.71,17163.69,670.40,1118.46,7555.38,7555.38,1554.26,1878.14,913.80,19377.69,18827.71,21691.95,929.19,932.78,16350.32,1894.75,12058.33,26831.07,20486.99,11503.69,922.72,783.20,674.91,18675.64,425.75,566.05,819.52,641.46,18094.46,205.88,170.21,1201.97,675.36,1160.09,682.95,476.54,15646.98,710.54,84.20
2005-11-14,dsm2,base,66,13665.10,12887.10,1935.00,10923.75,1381.03,826.13,554.90,3295.32,0.00,0.00,728.69,2.99,3.72,4.27,3.11,4526.51,4526.51,909.52,17436.99,686.06,1097.37,7298.38,7286.38,1565.16,1845.46,895.74,19533.45,19023.88,21426.25,913.89,917.98,16204.14,1881.25,11696.76,26472.86,20387.53,11554.51,909.53,793.41,689.00,18347.17,419.80,570.32,833.94,648.52,18115.17,214.05,167.12,1163.54,683.15,1121.46,704.46,473.59,15622.25,717.91,84.20
2005-11-15,dsm2,base,66,13091.60,12324.60,1928.00,11014.82,1416.49,881.19,535.30,2588.29,0.00,0.00,735.40,3.36,3.73,4.94,3.19,4528.38,4528.38,892.06,17586.15,699.22,1093.88,7581.03,7581.03,1583.36,1945.32,887.36,19633.35,19191.80,21146.88,899.07,903.38,16195.76,1919.10,11970.58,26310.35,20312.28,11481.12,891.92,784.95,701.88,18353.78,424.14,542.45,844.97,675.66,18163.50,231.29,169.48,1233.08,685.87,1122.98,727.55,468.82,15743.74,714.71,84.20
2005-11-16,dsm2,base,66,12860.30,12075.30,1932.00,10095.42,1576.15,1017.52,558.63,3120.73,0.00,0.00,745.79,3.43,3.79,5.07,3.28,4715.54,4715.54,879.00,17775.23,712.02,1112.45,7884.28,7884.28,1608.25,2126.18,904.71,19693.54,19338.52,20859.89,901.20,906.21,16399.58,2043.86,12325.63,26427.90,20107.69,11679.69,877.61,777.34,724.30,18463.96,439.63,514.23,858.22,738.33,18078.51,232.12,173.01,1315.43,686.05,1211.24,738.11,464.75,15921.46,711.59,84.20
2005-11-17,dsm2,base,66,12659.30,11868.30,1940.00,9910.77,1696.27,1134.00,562.27,2992.26,0.00,0.00,757.09,3.33,3.89,4.94,3.36,4975.11,4975.11,882.08,17951.84,727.65,1148.89,8344.29,8344.29,1626.86,2253.69,942.46,19653.06,19441.32,20602.16,926.18,931.72,16678.51,2249.30,12731.95,26948.38,19945.28,11925.61,881.40,774.33,738.62,18763.15,474.58,492.21,871.80,815.11,18097.94,242.08,173.67,1389.68,683.08,1272.58,747.29,466.40,16135.98,702.30,84.20
2005-11-18,dsm2,base,66,12614.30,11814.30,1913.00,9493.55,1748.93,1191.13,557.80,3284.82,0.00,0.00,744.21,3.13,4.01,4.47,3.57,5205.59,5205.59,901.87,18041.18,738.15,1194.76,8576.58,8576.58,1644.78,2357.59,990.48,19603.75,19491.91,20531.25,963.09,971.98,16985.38,2380.45,12996.58,27724.55,19844.74,12103.16,900.69,778.83,747.01,19114.13,517.83,480.87,884.30,868.66,18213.31,253.79,172.40,1454.07,687.10,1341.41,757.57,473.72,16327.59,704.26,84.20
2005-11-19,dsm2,base,66,12565.60,11604.60,1869.00,9196.56,1828.54,1276.29,552.25,3409.50,0.00,0.00,753.79,2.85,4.14,3.86,3.74,5432.66,5432.66,940.27,18092.00,747.66,1246.24,8889.96,8889.96,1674.51,2513.55,1041.26,19556.55,19508.44,20583.31,1011.35,1020.19,17241.65,2528.72,13324.76,28463.91,19831.21,12279.88,939.30,799.68,756.43,19487.02,561.22,461.08,894.25,924.30,18412.97,268.61,173.74,1522.76,696.51,1407.48,751.95,481.07,16522.19,711.13,84.20
2005-11-20,dsm2,base,66,12489.90,11304.90,1859.00,8893.56,1855.89,1311.85,544.04,3599.45,0.00,0.00,743.31,2.55,4.16,3.23,3.82,5603.66,5603.66,994.58,18135.40,753.33,1298.92,9322.71,9322.71,1721.13,2789.92,1080.42,19560.90,19507.28,20885.41,1061.12,1067.15,17547.22,2638.60,13675.24,29398.60,19966.74,12506.86,992.83,832.97,760.00,20185.94,592.47,436.93,901.10,957.49,18591.06,311.57,170.96,1613.51,714.95,1478.61,754.86,485.22,16712.34,736.99,84.20
2005-11-21,dsm2,base,66,12200.10,11024.10,1878.00,9473.77,1893.88,1356.48,537.40,2710.45,0.00,0.00,742.50,2.29,4.19,2.62,3.91,5512.14,5512.14,1021.53,18124.11,751.61,1318.94,9287.84,9287.84,1741.86,2850.97,1107.30,19592.69,19512.67,21098.91,1091.13,1101.44,17713.77,2541.84,13636.42,29580.17,20109.35,12610.68,1020.27,854.87,755.66,20180.54,592.39,429.72,904.94,930.19,18710.47,322.02,162.57,1658.01,727.32,1524.44,750.46,495.99,16797.57,755.54,84.20
2005-11-22,dsm2,base,66,12472.00,11421.00,1883.00,8922.42,1925.08,1385.33,539.75,3507.50,0.00,0.00,758.29,1.98,4.21,2.11,4.01,5471.42,5471.42,1056.01,18117.30,752.34,1334.75,9214.30,9209.37,1767.56,2894.08,1111.16,19637.87,19528.55,21265.52,1111.77,1120.19,17805.96,2512.77,13618.86,29845.73,20183.35,12544.21,1055.21,884.18,756.90,20219.93,584.74,437.18,907.68,916.04,18831.11,316.63,152.59,1653.82,746.66,1532.60,746.88,506.27,16878.49,778.26,84.20
2005-11-23,dsm2,base,66,12396.60,11748.60,1883.00,8250.16,1938.43,1390.37,548.06,4091.01,0.00,0.00,769.59,1.67,4.18,1.67,3.96,5396.70,5396.70,1080.10,18104.94,747.31,1341.41,9097.88,9097.88,1778.06,2769.73,1121.72,19680.88,19554.23,21377.05,1118.53,1127.47,17854.17,2461.45,13392.63,29981.40,20232.22,12414.63,1079.97,903.87,752.77,20256.40,571.19,469.92,912.28,892.34,18933.09,290.17,162.04,1542.92,759.76,1490.48,755.59,512.28,16933.84,799.66,84.20
2005-11-24,dsm2,base,66,12362.80,12079.80,1878.00,8436.64,1777.55,1275.05,502.50,4026.61,0.00,0.00,742.52,1.53,4.08,1.48,3.81,5192.07,5192.07,1097.36,18053.36,749.35,1343.56,8680.23,8680.23,1777.34,2517.58,1133.30,19723.72,19584.10,21414.25,1120.47,1126.21,17774.86,2330.55,13015.71,29436.78,20265.02,12272.73,1097.36,922.77,753.80,19847.32,556.96,513.54,920.08,845.62,18851.62,253.96,164.95,1520.48,764.64,1457.84,767.07,520.70,16943.65,815.07,84.20
2005-11-25,dsm2,base,66,12718.40,12438.90,1897.00,8279.29,1168.48,820.12,348.36,5167.63,0.00,0.00,734.20,1.58,3.96,1.55,3.60,4966.39,4966.39,1108.72,17986.24,760.89,1339.20,8099.56,8099.56,1777.62,2237.62,1135.23,19758.30,19615.88,21426.09,1123.18,1127.23,17618.23,2182.56,12485.84,28570.74,20317.31,12136.37,1108.39,935.91,764.01,19234.59,540.00,553.56,931.68,790.99,18689.92,231.15,165.45,1458.21,774.18,1390.20,755.06,528.29,16901.46,814.94,84.20
2005-11-26,dsm2,base,66,12755.40,12452.40,1921.00,8193.35,1290.16,863.68,426.48,5192.89,0.00,0.00,748.79,1.64,3.76,1.70,3.30,4743.08,4743.08,1113.72,17950.68,755.38,1321.93,7648.10,7648.10,1764.45,2080.42,1127.08,19800.10,19647.09,21325.68,1120.76,1124.03,17257.26,2060.82,11926.17,27749.38,20283.69,11848.22,1113.50,940.77,764.88,18722.47,520.49,587.10,946.95,745.02,18575.12,230.87,169.92,1376.10,792.39,1350.91,739.33,534.62,16831.56,833.69,84.20
2005-11-27,dsm2,base,66,13191.40,12857.40,1924.00,8353.45,1266.13,836.05,430.08,5495.82,0.00,0.00,778.78,1.97,3.62,2.22,3.22,4471.73,4471.73,1109.71,17906.10,740.61,1298.31,7021.59,7021.59,1751.52,1827.35,1109.00,19811.89,19669.73,21104.46,1110.23,1114.89,16851.56,1910.05,11229.21,26587.68,20184.47,11509.20,1109.54,941.99,748.74,17985.55,503.94,616.37,966.33,702.42,18422.15,211.44,170.52,1240.00,783.00,1254.63,745.92,536.43,16691.49,828.25,84.20
2005-11-28,dsm2,base,66,13204.50,12865.50,1963.00,8269.02,701.07,496.15,204.92,6197.41,0.00,0.00,762.51,2.42,3.51,2.98,3.08,4370.90,4370.90,1090.85,17935.45,742.65,1270.93,6836.13,6836.13,1753.89,1722.63,1070.60,19818.68,19662.30,20872.59,1093.32,1096.86,16652.14,1867.35,11029.59,25600.08,20099.35,11212.57,1090.68,942.99,746.67,17542.30,490.57,635.14,986.62,699.76,18226.97,208.70,170.36,1181.53,784.36,1173.84,771.37,534.64,16628.03,831.59,84.20
2005-11-29,dsm2,base,66,13570.50,13207.50,1996.00,8305.77,275.04,138.25,136.79,6985.69,0.00,0.00,738.31,2.81,3.62,3.85,3.05,4161.48,4161.48,1059.58,17951.20,762.61,1235.52,6590.32,6590.32,1738.02,1650.79,1031.84,19799.60,19643.89,20471.50,1062.29,1065.48,16524.12,1803.44,10714.34,24744.27,19886.83,10879.57,1058.72,932.26,765.95,17048.41,478.27,648.97,1007.80,684.23,17997.39,208.09,174.26,1123.44,788.52,1108.32,768.81,536.97,16528.40,832.39,84.20
2005-11-30,dsm2,base,66,13733.40,13307.40,1991.00,8137.99,567.36,297.96,269.40,7019.05,0.00,0.00,727.51,3.34,3.64,4.78,3.08,4150.02,4150.02,1021.19,18027.03,770.01,1204.92,6901.91,6901.91,1724.60,1796.62,992.35,19719.70,19647.48,20040.89,1028.34,1030.84,16910.35,1835.51,11029.79,25296.48,19577.01,10893.59,1020.67,919.67,783.04,17150.19,472.32,653.80,1027.61,701.88,17955.05,233.83,179.42,1153.64,794.03,1094.85,748.18,542.43,16615.81,828.25,84.20
2005-12-01,dsm2,base,66,14551.40,14081.40,1949.00,8628.02,-1109.86,-595.58,-514.28,8982.24,0.00,0.00,710.51,3.40,3.76,5.33,3.00,4079.65,4079.65,984.45,17851.88,753.57,1179.82,6978.49,6978.49,1670.45,1897.28,971.76,19454.75,18291.81,19659.40,998.36,1001.69,16697.00,1826.17,11069.67,25047.10,19198.20,10852.85,984.27,897.47,776.73,17070.31,467.14,661.13,1045.99,699.62,16941.61,245.82,178.62,1170.73,785.30,1099.89,735.59,549.94,16494.03,817.18,84.20
2005-12-02,dsm2,base,66,15449.20,14542.20,1972.00,8639.15,-1242.83,-792.11,-450.72,10024.88,0.00,0.00,697.91,3.54,3.69,5.62,2.81,4134.59,4134.59,954.85,17551.12,738.88,1157.77,7170.51,7170.51,1614.62,2019.04,946.69,19023.63,17842.12,19304.67,974.16,977.10,16130.91,1858.85,11229.99,25505.48,18755.21,10870.36,954.64,874.14,766.37,17400.26,469.24,665.53,1063.15,697.55,16143.63,263.95,181.78,1203.20,770.35,1095.66,721.47,554.36,16242.97,800.80,84.20
2005-12-03,dsm2,base,66,18505.60,17805.60,2018.00,8600.74,-1064.21,-776.41,-287.80,12987.07,0.00,0.00,727.48,3.80,3.71,6.01,3.00,3828.22,3828.22,930.39,17079.70,722.78,1131.34,6384.51,6384.51,1534.07,1598.06,945.89,18659.80,17567.62,18861.36,957.98,962.10,15311.81,1709.87,10425.48,24352.46,18381.25,10292.09,929.98,855.12,757.46,16323.81,464.02,678.93,1075.52,677.78,15838.60,216.49,188.07,1062.40,759.14,1024.95,708.69,554.40,15815.25,786.22,84.00
2005-12-04,dsm2,base,66,22239.20,21760.20,2035.00,7476.40,-792.72,-623.02,-169.70,17590.52,0.00,0.00,722.10,3.71,3.73,5.57,3.14,3704.36,3704.36,919.13,16758.50,708.46,1120.22,5932.66,5932.66,1495.29,1288.53,939.56,18243.85,17460.05,18126.90,951.43,955.43,14907.97,1711.94,9953.79,23318.79,17824.01,9693.84,918.53,838.57,740.08,15598.44,470.78,686.16,1081.90,702.06,15553.63,211.07,177.71,891.12,753.80,900.74,726.03,549.55,15567.08,782.07,83.80
2005-12-05,dsm2,base,66,26435.50,26023.50,2061.00,8625.40,-796.57,-634.86,-161.71,20667.67,0.00,0.00,709.61,3.33,3.79,4.72,3.32,3303.51,3303.51,911.43,16358.80,718.78,1090.62,4900.70,4900.70,1427.91,896.22,918.56,17786.91,17233.95,17185.98,939.67,944.92,14464.90,1601.70,8796.79,22322.27,17101.45,8694.75,910.92,832.00,730.83,14412.40,474.71,696.61,1082.39,694.21,15232.06,192.19,157.07,728.62,740.12,788.34,726.99,545.33,15364.01,767.90,79.40
2005-12-06,dsm2,base,66,23988.20,23587.20,2088.00,9849.35,263.86,-171.07,434.93,15962.99,0.00,0.00,704.60,2.99,3.88,3.91,3.48,2879.43,2879.43,901.57,16003.69,725.00,1062.72,3976.53,3976.53,1376.98,654.40,900.34,17326.45,17560.23,16279.25,926.77,930.29,14374.86,1492.21,7600.62,21652.70,16343.27,7662.59,900.96,828.40,742.71,13325.21,475.45,701.50,1077.03,686.40,15563.19,175.78,138.39,620.45,732.69,712.11,717.68,541.60,15217.12,755.93,79.40
2005-12-07,dsm2,base,66,20313.60,19911.60,2085.00,11174.28,590.20,268.33,321.87,10634.12,0.00,0.00,714.59,2.64,4.00,3.05,3.73,2578.03,2578.03,890.00,15748.54,717.26,1037.75,3529.86,3529.86,1339.53,585.13,885.48,16870.71,17540.96,15470.18,910.40,914.55,14530.30,1470.37,6911.06,21712.09,15599.02,7102.29,889.71,821.80,734.99,12706.56,479.38,702.62,1065.95,686.78,15724.53,166.88,152.49,579.04,726.51,684.13,711.35,536.25,15238.22,747.58,79.40
2005-12-08,dsm2,base,66,17810.90,17415.90,2108.00,10850.37,826.44,428.07,398.37,8242.09,0.00,0.00,681.32,2.37,4.12,2.45,3.91,2398.93,2398.93,881.30,15473.44,709.54,1019.94,3417.23,3417.23,1308.52,588.54,881.10,16477.26,17286.01,14992.49,898.93,902.29,14721.56,1468.60,6700.72,21950.22,15073.38,6911.14,881.25,810.38,725.23,12601.08,487.01,700.93,1052.07,696.44,15648.55,180.01,166.61,587.63,718.92,699.63,716.67,528.77,15245.77,736.67,79.40
2005-12-09,dsm2,base,66,16218.30,15810.30,2092.00,10856.39,937.45,491.55,445.90,6516.46,0.00,0.00,680.80,2.27,4.18,2.34,3.92,2331.18,2331.18,878.15,15190.33,710.43,1009.32,3453.78,3453.78,1286.69,613.79,881.12,16168.94,16981.33,14849.58,886.15,891.64,14855.46,1463.08,6708.13,22274.41,14822.17,6964.78,878.12,799.60,725.66,12684.83,496.53,700.07,1037.68,700.04,15453.75,195.91,172.52,673.24,713.54,736.33,696.95,521.50,15204.14,729.57,79.40
2005-12-10,dsm2,base,66,15273.30,14874.30,2089.00,10831.15,994.21,569.17,425.04,5536.94,0.00,0.00,688.30,2.39,4.15,2.76,3.82,2335.20,2335.20,877.00,14921.43,696.27,1005.55,3515.38,3515.38,1274.06,668.81,887.02,15958.69,16672.12,14972.71,883.41,885.93,14965.82,1416.02,6763.20,22552.22,14789.14,7101.23,877.13,789.64,714.75,12864.32,506.07,699.98,1022.71,703.98,15323.80,204.91,173.73,728.54,716.77,803.23,686.27,517.48,15142.02,728.43,79.40
2005-12-11,dsm2,base,66,14577.40,14189.40,2082.00,10846.10,1062.71,643.13,419.58,4750.59,0.00,0.00,708.29,2.63,4.08,3.32,3.62,2396.55,2396.55,877.27,14696.43,685.02,1005.22,3639.15,3639.15,1280.54,738.85,887.88,15824.06,16391.54,15243.30,885.79,888.70,15024.02,1398.21,6857.56,22525.67,14889.85,7269.84,877.20,779.95,700.18,13015.17,523.43,698.69,1008.35,716.35,15232.14,203.31,176.00,745.86,702.26,825.58,690.89,513.12,15052.08,720.05,79.40
2005-12-12,dsm2,base,66,14222.50,13837.50,2059.00,10883.21,1121.60,717.13,404.47,4276.69,0.00,0.00,721.69,2.96,3.99,4.09,3.40,2464.05,2464.05,877.68,14535.32,685.57,1006.15,3887.38,3887.38,1299.22,810.88,888.19,15736.11,16171.12,15505.40,888.55,892.30,15015.44,1400.72,7141.29,22280.40,15019.18,7462.88,877.51,783.82,700.57,13156.88,541.23,697.05,995.75,737.75,15170.60,202.30,176.59,763.39,696.95,834.33,707.01,513.07,14947.28,722.33,79.40
2005-12-13,dsm2,base,66,14247.60,13863.60,2037.00,10412.51,1267.74,862.84,404.90,4604.35,0.00,0.00,721.30,3.25,3.93,4.77,3.30,2495.69,2495.69,873.74,14419.05,695.32,1007.89,4050.19,4050.19,1309.21,875.60,889.97,15634.96,16014.38,15636.49,892.14,895.03,14970.76,1396.81,7364.75,22028.28,15097.85,7594.58,872.66,787.22,710.18,13280.62,556.10,694.34,984.75,755.90,15128.54,204.46,175.22,765.45,699.01,806.36,721.81,515.39,14837.99,724.76,79.40
2005-12-14,dsm2,base,66,14283.40,13901.40,2031.00,10385.66,1366.38,961.56,404.82,4562.36,0.00,0.00,743.29,3.51,3.98,5.25,3.41,2512.14,2512.14,874.27,14324.23,710.64,1007.87,4209.16,4209.16,1309.68,929.13,892.46,15506.01,15869.06,15565.08,893.32,897.70,14952.05,1396.74,7583.05,21938.05,15053.02,7610.37,873.38,791.18,723.70,13375.28,570.33,692.35,972.55,763.85,15083.19,208.62,174.20,759.93,703.95,795.60,724.86,523.75,14740.32,725.86,79.40
2005-12-15,dsm2,base,66,14022.90,13644.90,1995.00,10399.90,1460.31,1046.77,413.54,4157.69,0.00,0.00,758.79,3.47,4.05,5.25,3.51,2631.32,2631.32,876.37,14266.15,719.22,1011.91,4639.31,4639.31,1298.85,1052.19,895.41,15327.89,15722.24,15512.15,899.52,902.47,15021.03,1450.33,8066.15,22334.80,14979.78,7814.76,874.82,794.46,730.63,13899.70,586.06,688.02,957.33,779.12,15006.43,217.95,175.18,784.98,708.97,812.23,740.14,533.49,14663.01,735.93,79.40
2005-12-16,dsm2,base,66,13981.60,13611.60,1955.00,10428.14,1475.69,1125.69,350.00,4032.77,0.00,0.00,774.19,3.34,4.03,4.95,3.52,2764.40,2764.40,879.46,14200.52,727.14,1015.26,4898.98,4898.98,1277.28,1154.36,902.63,15177.57,15561.67,15534.27,905.07,908.41,15041.17,1477.64,8458.06,23003.25,14960.08,8043.30,878.54,799.49,738.57,14322.39,600.00,683.11,943.27,784.62,14933.25,225.25,175.40,823.77,713.00,838.65,756.03,544.47,14600.16,737.96,79.40
2005-12-17,dsm2,base,66,13859.90,13464.90,1937.00,10426.23,480.90,358.89,122.01,4889.77,0.00,0.00,780.00,3.47,3.82,4.73,3.46,2840.92,2840.92,885.44,14116.26,740.76,1022.00,5057.34,5057.34,1257.86,1181.23,913.28,15104.06,15425.60,15634.94,912.98,916.89,15021.50,1488.69,8577.01,22883.91,15005.53,8236.14,884.33,805.28,755.01,14388.27,609.38,678.17,932.15,785.97,14805.07,222.05,174.10,843.36,723.27,855.19,770.73,552.62,14510.45,746.95,79.40
2005-12-18,dsm2,base,66,13645.20,13129.20,2136.00,8144.43,-3855.94,-2997.15,-858.79,11492.71,0.00,0.00,798.79,3.22,3.69,4.33,3.06,2736.37,2736.37,890.13,13816.57,761.32,1017.69,4732.72,4732.72,1241.10,1066.19,915.67,14935.99,13885.06,15356.18,915.12,920.33,14342.32,1425.41,8148.92,21286.56,14796.18,7898.25,889.67,812.14,773.02,13558.28,603.93,677.05,927.86,768.43,13461.86,211.70,175.72,775.72,736.92,804.90,780.51,563.56,14268.44,757.00,79.40
2005-12-19,dsm2,base,66,15000.30,14118.30,2340.00,9899.87,-5052.21,-4160.17,-892.04,12492.64,0.00,0.00,794.20,2.62,3.51,3.33,2.82,2457.79,2457.79,886.53,13304.39,782.80,994.72,4148.19,4148.19,1211.76,920.43,889.80,14586.07,13016.31,14621.93,908.49,912.50,13027.03,1305.87,7361.84,20484.70,14254.95,7137.41,885.96,811.01,803.22,12613.15,582.16,686.00,928.89,728.63,12717.42,219.48,188.30,696.96,745.95,737.70,798.75,582.77,13757.04,761.68,79.40
2005-12-20,dsm2,base,66,18304.10,17513.10,2386.00,10761.23,-4885.06,-3958.65,-926.41,14813.93,0.00,0.00,702.94,2.29,3.50,2.59,3.13,2140.34,2140.34,881.15,12674.48,803.59,972.55,3277.55,3277.55,1175.66,678.57,869.98,14178.22,12358.12,13894.66,893.57,895.58,11752.20,1155.94,6183.36,18730.99,13650.75,6317.02,880.85,820.73,830.68,11164.77,560.28,699.94,931.67,681.79,12193.09,202.24,186.26,596.08,760.91,673.89,802.37,598.35,13256.89,768.05,79.40
2005-12-21,dsm2,base,66,22385.20,21535.20,2643.00,11288.65,-5634.71,-4565.07,-1069.64,19374.26,0.00,0.00,627.52,1.93,3.54,1.97,3.20,1966.07,1966.07,870.27,12086.90,778.43,948.15,2773.38,2773.38,1160.26,529.57,835.06,13661.19,11547.94,13121.39,869.40,871.21,10736.26,1109.96,5543.79,17959.21,12974.73,5606.56,869.94,824.43,838.45,10439.48,540.89,716.00,935.94,661.27,11247.88,207.40,191.31,523.26,772.48,612.85,729.15,607.15,12776.86,772.20,76.60
2005-12-22,dsm2,base,66,31503.10,29312.10,3550.00,12040.98,-6100.92,-5065.97,-1034.95,29113.04,0.00,0.00,630.00,1.60,3.64,1.54,3.22,1763.91,1763.91,848.75,11441.69,666.32,918.69,2056.38,2056.38,1133.51,389.14,796.54,13135.75,10817.58,12350.72,837.85,839.07,9759.84,1022.98,4485.65,16886.49,12295.91,4768.28,848.78,813.74,781.43,9222.36,520.81,748.12,941.48,610.89,10798.13,207.59,185.81,465.55,757.60,578.56,648.58,614.21,12307.38,763.22,76.40
2005-12-23,dsm2,base,66,36676.10,34154.10,4114.00,12224.98,-2732.29,-2662.85,-69.44,31297.41,0.00,0.00,589.21,1.40,3.67,1.28,3.36,1579.89,1579.89,814.72,10882.55,640.00,881.35,1382.26,1382.26,1096.90,304.43,751.10,12709.40,11864.57,11505.43,795.00,795.91,9476.25,925.78,3260.47,15814.03,11607.72,3788.56,815.07,791.62,714.21,7800.31,495.82,786.94,948.13,543.51,11960.47,190.95,136.42,435.23,712.48,546.00,633.11,616.82,11974.60,750.42,70.80
2005-12-24,dsm2,base,66,41091.20,39490.20,4202.00,11908.75,-1510.16,-1483.30,-26.86,34894.61,0.00,0.00,447.53,1.34,3.61,1.27,3.40,1407.54,1407.54,770.94,10401.11,597.97,835.43,933.79,933.79,1050.13,249.41,711.80,12413.18,12439.97,10472.83,743.42,743.80,9685.33,842.06,2238.20,14285.42,10992.16,2808.64,771.23,763.96,681.64,6285.35,466.39,715.43,952.91,482.88,12183.15,159.09,121.25,413.21,686.60,509.61,575.35,608.84,11865.76,730.24,70.80
2005-12-25,dsm2,base,66,65748.90,48780.90,4591.00,12845.07,-2544.64,-2295.71,-248.93,60039.47,0.00,0.00,382.91,1.59,3.59,1.74,3.09,1274.52,1274.52,724.53,9742.14,456.39,784.86,521.58,521.58,1001.66,181.67,665.61,12171.10,11844.59,9210.46,691.96,691.16,9830.56,756.91,1285.66,11481.58,10383.62,1809.59,724.79,729.30,610.70,4120.39,441.13,655.88,955.32,423.44,11804.66,136.32,105.93,341.30,652.08,447.62,443.69,601.09,11773.11,711.95,66.20
2005-12-26,dsm2,base,66,93401.20,63349.20,5300.00,12548.01,-3103.93,-2961.03,-142.90,89257.12,0.00,0.00,397.10,2.23,3.73,2.65,3.05,1105.18,1105.18,673.73,8637.63,397.41,727.63,290.77,290.77,946.08,137.36,600.81,11917.37,11326.01,7117.29,634.84,634.57,9978.01,638.08,565.04,7867.22,9354.90,887.96,673.94,689.14,513.92,1742.73,416.77,579.92,956.07,355.03,11856.08,113.90,102.77,233.60,557.56,355.96,396.96,595.91,11650.52,681.15,59.60
2005-12-27,dsm2,base,66,104670.50,67261.50,5912.00,12983.87,-2363.50,-2310.53,-52.97,99962.13,0.00,0.00,372.90,2.83,3.87,3.45,3.19,906.78,906.78,608.08,7060.46,403.52,659.32,209.87,209.87,884.75,121.97,514.54,11432.45,11742.91,4416.19,566.99,564.77,10374.49,536.65,374.32,5143.91,7692.44,403.70,608.28,649.10,468.68,670.88,387.28,464.82,953.33,304.49,11442.82,105.26,96.84,190.44,527.92,237.78,400.76,590.57,11463.31,633.01,54.40
2005-12-28,dsm2,base,66,134724.00,76500.00,6838.00,13024.41,-5995.20,-5740.59,-254.61,134532.79,0.00,0.00,328.30,3.50,4.09,4.65,3.10,697.85,697.85,543.16,5070.01,376.84,593.28,170.40,170.40,816.43,109.41,449.98,10526.09,11216.22,2116.40,503.70,502.31,10536.37,438.36,326.84,2837.54,5827.73,273.01,543.64,608.49,434.49,313.11,366.26,434.81,944.25,266.15,10219.90,100.23,93.05,154.51,507.80,187.83,368.76,592.10,11166.62,580.26,53.80
2005-12-29,dsm2,base,66,156877.00,77400.00,8489.00,12696.42,-6446.03,-6108.97,-337.06,159115.61,0.00,0.00,278.30,3.86,4.22,5.58,3.32,504.08,504.08,492.21,3229.70,326.78,526.71,132.22,132.22,732.63,103.16,398.86,9284.22,10622.30,891.34,449.08,446.20,10420.78,357.70,255.30,1473.22,4290.12,220.42,493.41,574.16,381.45,214.00,356.83,421.95,931.98,228.83,8546.36,97.18,91.48,136.50,473.43,160.76,316.99,606.40,10611.63,542.18,53.80
2005-12-30,dsm2,base,66,177349.20,78946.20,10208.00,13088.45,-7946.49,-7386.50,-559.99,182415.24,0.00,0.00,234.74,4.32,4.27,6.40,3.15,375.94,375.94,450.49,1781.61,274.35,470.00,113.55,113.63,649.39,94.99,360.67,8082.01,9686.52,435.24,408.04,406.02,10134.11,297.52,190.43,725.23,3046.06,185.13,451.60,546.34,321.68,177.47,365.87,363.05,918.62,208.24,6990.82,90.25,85.13,115.24,439.89,134.13,267.41,620.76,9814.34,530.43,53.80
2005-12-31,dsm2,base,66,249571.00,65556.00,11288.00,12055.68,-11321.78,-10109.94,-1211.84,260125.10,0.00,0.00,197.58,4.54,4.20,7.34,2.77,292.76,292.76,419.42,933.51,232.70,414.22,98.58,98.58,570.57,86.44,319.21,6828.03,8121.29,258.81,373.37,370.30,9502.22,238.44,145.49,325.87,2075.48,155.63,421.02,529.29,261.90,156.61,374.16,304.61,956.15,190.50,5413.37,85.82,85.20,88.07,400.28,103.27,226.28,611.96,8804.12,505.03,53.80
2006-01-01,dsm2,base,66,324906.20,67840.20,11833.00,9780.31,-12512.07,-11256.57,-1255.50,339470.96,0.00,0.00,169.20,4.29,3.98,6.29,2.77,229.20,229.20,419.35,504.25,198.74,376.03,90.40,90.40,500.60,83.75,316.38,5577.99,6899.04,161.74,365.77,361.75,8744.71,184.16,117.83,215.15,1308.17,135.78,421.47,548.12,217.38,134.12,365.15,264.26,999.49,200.10,3814.00,82.74,86.31,83.39,349.05,85.12,193.79,640.49,7809.75,434.38,53.80
2006-01-02,dsm2,base,66,322120.20,57193.20,11858.00,10715.00,-12269.14,-10734.60,-1534.54,335532.34,0.00,0.00,160.12,3.48,3.83,5.25,2.56,190.95,190.95,450.21,363.19,179.05,363.80,83.48,83.48,469.84,78.56,344.60,5091.56,5680.34,124.90,384.11,380.18,8019.25,159.41,103.05,175.57,886.94,125.41,452.68,598.43,221.57,110.30,360.99,229.15,1178.39,213.20,3695.04,77.65,85.55,78.18,347.06,79.27,178.38,686.68,7625.35,436.65,53.80
2006-01-03,dsm2,base,66,336957.80,74764.80,13467.00,7839.02,-12719.59,-11258.33,-1461.26,355305.37,0.00,0.00,163.32,2.83,3.62,4.01,2.38,181.50,181.50,492.09,311.76,180.85,364.44,83.53,83.53,456.29,79.53,360.15,4483.65,4636.55,108.14,410.20,403.48,7267.82,162.16,99.98,150.28,748.30,121.16,494.67,661.99,250.64,102.68,350.48,217.31,1345.00,213.75,3715.12,79.80,84.23,79.67,349.22,80.50,182.04,723.25,7187.60,311.63,53.80
2006-01-04,dsm2,base,66,310172.90,78174.90,15629.00,8984.81,-10325.96,-9192.77,-1133.19,327143.05,0.00,0.00,172.88,2.22,3.47,2.78,2.45,195.54,195.54,577.38,276.11,186.63,379.54,84.04,84.04,446.50,80.01,398.09,3948.17,3941.47,105.99,468.86,462.40,6920.00,172.55,100.39,145.64,654.77,116.98,579.97,672.74,261.58,103.04,333.91,218.42,1413.67,224.78,3681.05,79.73,83.27,79.93,253.85,80.61,187.77,759.51,6990.70,265.69,53.80
2006-01-05,dsm2,base,66,237756.10,77003.10,16338.00,7065.21,-5526.94,-5170.45,-356.49,252555.83,0.00,0.00,172.05,1.84,3.32,1.85,2.60,197.45,197.45,664.04,250.23,187.67,405.20,87.02,87.02,445.09,82.29,452.17,3542.90,3658.28,107.06,544.10,536.20,6812.11,193.56,106.97,151.33,593.65,112.63,666.62,538.68,272.35,108.24,313.46,213.18,1347.70,227.75,4519.17,81.97,78.36,82.61,233.75,83.95,188.68,788.38,6703.90,242.34,53.80
2006-01-06,dsm2,base,66,203061.20,75328.20,17458.00,4626.31,-4290.91,-4101.29,-189.62,220183.80,0.00,0.00,161.18,1.72,3.25,1.50,2.61,210.22,210.22,708.06,224.80,181.26,443.79,88.06,88.06,461.22,80.79,516.80,3257.37,3498.23,114.76,645.62,635.36,6569.92,209.88,116.17,165.37,555.71,113.35,704.73,275.75,287.78,109.45,293.38,205.08,1196.56,222.56,5205.37,81.42,78.25,82.97,232.89,84.84,181.57,701.54,6477.04,228.07,53.80
2006-01-07,dsm2,base,66,178551.50,73048.50,18808.00,7821.02,-52.11,-266.70,214.59,189590.59,0.00,0.00,148.98,1.81,3.28,1.75,2.63,219.68,219.68,497.92,200.33,164.26,475.93,93.24,93.24,476.49,83.69,562.06,3033.70,3469.92,118.92,667.85,664.15,6378.89,222.30,122.84,204.69,503.35,110.92,484.15,256.04,270.90,111.29,275.52,184.90,1027.14,210.10,5312.16,87.11,82.24,92.33,250.52,105.84,164.37,376.13,6210.43,235.48,53.80
2006-01-08,dsm2,base,66,163133.10,68561.10,19442.00,9390.27,1670.07,1363.72,306.35,171514.76,0.00,0.00,144.02,2.04,3.35,2.18,2.76,224.85,224.85,390.24,179.64,148.28,462.27,101.59,101.59,479.30,90.37,509.82,2819.49,3385.44,120.10,566.44,567.60,6327.04,218.40,126.52,250.37,480.84,114.44,387.02,262.61,174.66,116.80,252.82,159.67,897.13,195.91,5189.83,93.38,89.72,107.89,182.48,119.00,148.58,370.84,5876.10,173.64,53.80
2006-01-09,dsm2,base,66,150927.00,67284.00,19717.00,6595.77,2014.94,1693.64,321.30,162033.29,0.00,0.00,147.55,2.40,3.42,2.78,2.79,220.12,220.12,360.65,169.64,145.53,435.70,108.48,108.48,460.53,97.19,454.80,2572.63,3181.49,121.20,488.75,491.44,6176.82,212.66,130.86,341.49,473.28,120.82,358.28,213.54,152.97,125.13,224.79,148.29,847.34,179.54,5223.92,98.18,95.62,115.37,147.04,125.46,146.54,314.27,5489.80,147.12,53.80
2006-01-10,dsm2,base,66,140943.10,67499.10,19825.00,8022.61,2069.29,1759.63,309.66,150676.20,0.00,0.00,167.22,2.86,3.44,3.51,2.71,217.03,217.03,354.11,170.43,157.13,404.54,111.03,111.03,436.13,101.37,408.93,2316.28,2893.44,125.84,442.07,442.56,5930.21,207.90,131.57,402.20,498.38,124.33,352.62,178.29,159.06,128.81,201.23,152.84,838.05,167.15,5210.49,100.96,99.04,116.45,150.16,126.18,159.21,226.26,5108.74,154.17,53.80
2006-01-11,dsm2,base,66,132685.60,68790.60,18971.00,7160.47,1892.33,1625.29,267.04,142603.80,0.00,0.00,170.03,3.19,3.58,4.07,2.77,214.88,214.88,337.08,173.75,168.58,379.78,110.72,110.72,411.42,103.91,385.32,2050.37,2584.33,132.62,424.92,424.89,5799.13,199.76,134.25,448.19,484.35,125.99,334.91,175.13,174.59,128.45,187.24,170.12,825.94,156.24,5161.96,102.35,100.62,117.95,168.38,124.76,169.44,212.01,4730.96,168.05,53.80
2006-01-12,dsm2,base,66,128785.60,69690.60,17525.00,6774.64,2093.65,1805.37,288.28,137442.31,0.00,0.00,171.33,3.32,3.68,4.19,3.01,207.47,207.47,304.78,176.38,170.41,359.17,112.53,112.53,392.96,105.81,362.76,1707.16,2305.25,140.83,401.56,400.96,5596.55,192.21,137.20,536.86,415.73,127.62,302.52,181.02,177.95,127.12,184.08,172.75,793.51,149.33,4825.87,104.94,103.97,117.34,171.46,122.57,171.10,184.07,4298.60,171.45,53.80
2006-01-13,dsm2,base,66,123103.60,67089.60,16858.00,6678.67,2353.33,2080.57,272.76,130929.60,0.00,0.00,183.75,3.40,3.62,4.27,3.02,198.78,198.78,282.32,176.32,176.87,340.21,116.34,116.34,375.13,109.86,341.45,1450.00,2047.40,143.45,374.31,374.31,5382.51,184.33,137.57,588.71,372.02,127.90,281.32,186.06,182.73,126.30,187.31,174.65,748.30,146.52,4344.84,109.48,108.88,118.47,172.51,123.92,178.41,175.25,3954.18,173.88,53.80
2006-01-14,dsm2,base,66,117875.10,64493.10,16471.00,7585.05,1627.41,1493.06,134.35,125133.64,0.00,0.00,189.23,3.37,3.46,4.43,2.61,191.40,191.40,270.04,171.70,186.45,324.42,120.07,120.07,357.98,113.77,325.01,1313.93,1831.59,142.44,352.83,352.40,5293.70,178.35,138.64,577.83,348.00,129.74,268.72,192.32,194.54,126.95,191.04,186.40,706.64,147.68,4047.95,113.51,112.91,120.72,185.07,125.99,187.91,179.31,3737.59,186.02,53.80
2006-01-15,dsm2,base,66,115862.90,63378.90,15654.00,7396.53,1760.58,1530.37,230.21,122359.79,0.00,0.00,180.96,3.12,3.27,3.92,2.50,185.61,185.61,281.50,168.57,185.66,306.68,123.08,123.08,342.98,116.91,303.42,1231.74,1694.28,145.23,340.99,338.25,5362.67,176.19,139.37,593.61,336.13,131.63,280.62,212.56,197.89,130.72,191.97,193.03,664.24,150.48,3988.08,116.71,116.17,123.66,193.14,129.11,186.58,205.47,3613.24,192.74,53.80
2006-01-16,dsm2,base,66,114098.50,61798.50,14825.00,7021.76,1844.36,1603.04,241.32,120057.38,0.00,0.00,184.62,2.83,3.28,3.28,2.71,183.00,183.00,285.15,164.95,182.74,295.79,125.32,125.32,326.36,119.40,302.26,1234.52,1640.15,145.02,336.91,336.24,5596.59,173.68,138.47,543.29,325.92,132.02,284.70,230.59,193.38,131.64,192.35,186.22,614.93,153.10,4378.07,118.17,117.05,125.29,186.95,132.24,184.64,233.11,3602.13,187.92,53.80
2006-01-17,dsm2,base,66,112836.00,61254.00,14271.00,6561.23,1650.34,1531.14,119.20,118895.43,0.00,0.00,185.19,2.33,3.36,2.48,2.87,180.29,180.29,291.10,160.83,185.07,285.52,125.10,125.10,316.33,118.89,293.20,1167.80,1617.17,145.43,330.93,329.62,5514.90,172.24,138.25,601.47,307.12,133.36,290.34,236.24,196.39,132.39,196.92,189.59,565.42,153.41,5074.23,117.37,116.14,124.65,189.77,131.26,186.76,257.36,3412.14,190.58,53.80
2006-01-18,dsm2,base,66,105002.00,61200.00,13517.00,7325.97,365.06,411.29,-46.23,110827.97,0.00,0.00,189.64,2.03,3.50,1.98,2.96,178.02,178.02,297.79,161.54,187.61,277.95,124.79,124.79,307.97,118.16,289.08,1180.08,1619.11,145.60,326.94,325.22,5443.38,171.00,136.22,697.44,282.63,136.25,297.52,247.08,199.58,132.68,200.81,191.82,523.43,154.89,7015.39,116.59,115.06,124.97,193.00,133.62,190.28,288.66,3300.02,194.56,53.80
2006-01-19,dsm2,base,66,94844.30,60927.30,12463.00,6692.11,850.33,653.06,197.27,99764.86,0.00,0.00,190.86,1.67,3.56,1.43,3.14,176.52,176.52,305.15,165.79,192.20,270.43,125.01,125.01,301.75,116.95,287.12,1164.20,1605.54,144.14,323.82,322.43,5377.22,170.49,134.22,814.31,270.80,132.81,304.28,249.90,215.35,135.98,201.64,198.53,487.00,156.16,7080.19,114.83,112.08,127.73,202.45,136.44,194.75,327.08,3140.63,203.71,53.80
2006-01-20,dsm2,base,66,85222.90,60066.90,11479.00,7485.00,1401.43,1204.39,197.04,87815.47,0.00,0.00,196.07,1.20,3.59,0.97,3.28,175.74,175.74,314.51,164.42,196.66,263.01,124.65,124.65,296.16,115.45,278.19,1170.03,1584.01,145.29,319.93,317.61,5591.14,170.39,133.08,946.93,268.12,131.36,314.13,279.45,224.46,141.85,203.71,201.35,460.32,156.21,7044.00,114.96,115.49,127.74,207.15,137.70,199.31,389.92,2995.21,215.31,53.80
2006-01-21,dsm2,base,66,76128.70,58745.70,10288.00,7715.18,988.07,976.90,11.17,77713.45,0.00,0.00,126.33,1.02,3.54,0.87,3.29,175.91,175.91,323.77,165.03,175.99,255.17,125.77,125.77,288.24,119.63,272.68,1216.96,1590.90,146.48,314.04,311.72,5973.94,170.32,130.92,1105.66,264.19,132.35,323.49,317.33,234.63,147.78,204.61,207.96,444.37,155.89,7457.69,121.80,122.08,135.10,216.55,143.66,172.21,414.44,2879.30,235.55,53.80
2006-01-22,dsm2,base,66,67734.10,57725.10,9344.00,8053.06,1689.18,1456.49,232.69,67335.86,0.00,0.00,127.71,1.12,3.45,1.02,3.25,175.48,175.48,326.92,165.40,130.41,247.55,131.93,131.93,281.25,125.01,263.81,1333.19,1617.71,148.49,303.56,301.01,6272.82,170.32,134.54,1207.17,274.44,134.34,327.00,344.26,189.76,156.85,204.71,166.03,432.35,157.83,7447.66,125.91,126.05,138.79,215.53,146.00,132.95,410.56,2888.22,244.20,53.80
2006-01-23,dsm2,base,66,63699.00,55881.00,8990.00,7236.31,2777.01,2433.45,343.56,62675.68,0.00,0.00,142.72,1.40,3.41,1.41,3.20,175.41,175.41,324.14,163.36,135.10,239.56,135.10,135.10,272.16,128.63,250.88,1391.22,1687.28,152.82,287.87,284.92,6505.73,169.78,138.30,1373.17,313.27,135.80,324.85,356.75,182.11,171.67,203.93,140.16,423.26,158.78,7342.05,128.55,129.50,140.72,218.58,146.60,138.11,390.73,2912.54,246.82,53.80
2006-01-24,dsm2,base,66,61164.50,54130.50,8790.00,6986.13,3414.34,3084.78,329.56,59554.03,0.00,0.00,167.70,2.03,3.37,2.29,3.11,174.78,174.78,315.62,162.65,150.32,231.64,137.16,137.16,264.23,132.13,238.99,1412.34,1768.39,159.31,272.59,269.46,6699.54,168.46,141.11,1713.79,382.60,137.35,316.67,361.46,169.63,177.30,204.92,142.99,416.25,157.72,7217.35,131.33,132.69,140.34,226.43,146.01,153.55,368.79,2920.21,245.85,53.80
2006-01-25,dsm2,base,66,58542.30,51072.30,8481.00,5983.74,3191.69,2954.05,237.64,57847.87,0.00,0.00,202.45,2.91,3.43,3.46,2.92,174.10,174.10,303.01,164.97,176.38,224.06,139.77,139.77,257.89,135.47,228.19,1374.24,1775.52,174.20,260.66,257.40,6820.03,168.46,143.66,1934.64,440.48,139.64,303.64,362.76,176.63,182.65,201.22,157.20,409.60,157.98,6879.59,133.97,134.84,141.05,229.38,145.27,180.66,350.96,2997.73,259.89,53.80
2006-01-26,dsm2,base,66,55250.40,47993.40,8153.00,5803.36,3232.67,2912.85,319.82,54367.37,0.00,0.00,258.80,3.72,3.57,4.74,2.84,171.43,171.43,288.41,180.77,216.11,215.32,144.08,144.08,250.34,137.96,218.29,1265.38,1726.16,228.03,246.91,243.62,6735.50,168.93,145.39,2321.26,438.38,142.16,289.10,358.87,208.01,287.90,192.69,182.41,403.99,158.02,6050.10,136.03,136.86,143.26,261.11,146.05,223.01,352.58,2973.95,273.11,53.80
2006-01-27,dsm2,base,66,51690.90,44676.90,7939.00,6407.62,3183.59,2881.54,302.05,50038.69,0.00,0.00,264.60,4.39,3.75,5.88,2.95,169.06,169.06,272.04,209.77,260.33,208.19,145.93,145.93,241.79,140.19,209.36,1104.02,1570.72,322.11,235.64,232.79,6406.30,169.27,150.56,2769.56,431.75,144.49,272.51,353.67,256.72,432.52,184.37,220.30,397.64,157.62,5192.62,137.68,139.05,145.47,290.93,148.16,262.26,356.53,2846.58,303.09,53.80
2006-01-28,dsm2,base,66,48544.30,41613.30,7801.00,6536.82,2642.17,2442.93,199.24,47166.31,0.00,0.00,277.10,4.48,3.81,6.26,2.97,166.89,166.89,256.88,246.75,267.61,202.49,147.48,147.48,231.84,142.22,201.97,930.33,1391.27,477.09,224.37,222.44,5770.34,169.40,166.92,3239.29,464.22,146.18,257.46,340.42,275.02,638.19,177.20,260.67,391.24,157.30,3477.57,139.98,141.67,147.37,311.30,150.15,270.85,358.68,2664.45,317.30,53.80
2006-01-29,dsm2,base,66,46774.40,39776.40,7694.00,6201.70,2792.98,2501.67,291.31,45473.72,0.00,0.00,280.00,4.71,3.72,6.52,2.91,167.43,167.43,247.89,263.79,277.97,198.15,149.36,149.36,223.61,144.67,199.35,867.10,1238.61,583.91,218.21,216.49,5428.67,168.89,176.76,3426.36,520.02,148.38,248.27,331.91,287.21,688.25,174.07,269.16,384.54,157.31,2733.04,142.37,143.45,149.85,309.94,152.87,280.18,354.72,2500.41,311.91,53.80
2006-01-30,dsm2,base,66,44752.70,39530.70,7656.00,6066.59,2225.11,2053.82,171.29,44117.00,0.00,0.00,297.40,4.66,3.65,6.13,2.90,168.17,168.17,241.35,257.12,283.93,195.34,151.77,151.77,217.73,146.71,197.13,856.81,1164.55,654.05,213.43,212.15,5151.02,168.47,183.36,3247.16,568.76,151.20,241.52,326.91,293.70,666.20,174.39,279.36,375.53,157.24,2401.53,143.82,142.95,152.40,311.13,154.96,288.55,348.91,2434.47,313.38,53.80
2006-01-31,dsm2,base,66,45499.00,40203.00,7607.00,6306.94,2153.85,1873.93,279.92,44645.21,0.00,0.00,300.40,4.27,3.57,5.16,2.85,168.59,168.59,240.20,273.07,298.42,193.30,154.07,154.07,214.54,147.79,196.22,856.84,1128.11,703.46,211.36,210.23,5071.45,168.10,186.64,3143.45,589.92,154.26,240.59,330.95,315.68,674.79,179.12,285.80,365.21,157.38,2312.79,143.65,140.51,153.27,315.99,155.71,302.31,351.04,2343.23,315.11,53.80
2006-02-01,dsm2,base,66,47248.50,42448.50,7569.00,7022.81,115.93,90.96,24.97,47678.76,0.00,0.00,292.90,3.78,3.62,4.07,3.00,169.68,169.68,238.03,282.25,300.55,192.99,153.98,153.98,215.45,147.04,195.51,887.84,1135.82,676.43,210.18,208.69,5090.54,167.95,177.63,2939.59,591.09,158.49,238.71,329.79,337.35,567.12,188.41,300.37,356.74,157.98,2282.81,142.71,134.41,153.17,329.18,155.80,303.66,360.00,2344.51,328.80,53.80
2006-02-02,dsm2,base,66,51609.70,46649.70,7396.00,8686.30,537.77,317.07,220.70,49781.63,0.00,0.00,290.00,3.31,3.69,3.17,3.16,170.01,170.01,229.32,290.72,293.43,191.71,153.22,153.22,218.08,145.35,192.92,885.02,1149.58,658.25,206.58,205.40,4936.02,167.93,173.98,2950.27,579.70,159.00,229.75,316.82,339.21,546.07,196.27,304.09,353.98,158.58,2186.87,135.79,123.04,151.75,325.88,154.99,297.45,349.91,2263.15,327.51,53.80
2006-02-03,dsm2,base,66,55270.70,50123.70,7077.00,8309.72,470.47,252.83,217.64,53567.51,0.00,0.00,286.30,2.81,3.82,2.47,3.41,170.22,170.22,220.07,289.25,291.22,190.37,149.67,149.67,218.59,136.56,190.10,888.94,1150.77,634.18,201.73,200.81,4677.97,166.69,168.59,2986.24,564.30,157.04,220.65,297.38,339.05,498.32,202.70,297.47,350.91,156.76,2196.66,127.50,117.76,145.00,320.45,150.66,295.34,330.48,2186.40,322.13,53.80
2006-02-04,dsm2,base,66,61613.00,53559.00,6957.00,8309.43,484.60,261.67,222.93,59775.97,0.00,0.00,284.20,2.41,4.05,2.26,3.67,169.10,169.10,212.22,283.22,289.19,187.45,141.96,141.96,216.00,127.92,187.24,893.45,1131.81,600.27,197.25,196.37,4393.12,164.40,162.34,2875.13,536.19,151.95,212.74,278.40,341.16,459.73,206.79,295.54,348.78,154.54,2262.61,125.35,119.19,140.16,315.41,146.26,293.30,323.65,2101.82,313.80,53.80
2006-02-05,dsm2,base,66,74832.70,57350.70,6928.00,8962.00,860.14,611.77,248.37,71938.56,0.00,0.00,302.10,2.15,4.28,2.20,4.00,166.53,166.53,204.15,274.65,292.33,184.53,134.91,134.91,213.37,126.39,183.01,873.18,1092.86,558.74,191.61,190.77,3975.90,162.21,151.73,2864.95,503.11,143.68,204.49,261.71,327.74,425.42,207.26,293.88,346.95,152.84,2154.90,124.83,117.73,137.92,302.37,143.65,296.16,311.29,1942.46,295.30,53.80
2006-02-06,dsm2,base,66,84341.30,62214.30,6925.00,8648.72,930.62,646.33,284.29,81686.96,0.00,0.00,312.90,2.30,4.46,2.48,4.15,165.16,165.16,201.46,254.30,306.98,182.49,130.98,131.01,211.46,123.66,179.48,840.83,1047.87,447.40,187.70,187.16,3564.90,159.32,139.13,2617.44,448.88,136.45,201.92,258.42,328.45,282.31,208.38,296.19,344.54,150.96,2003.12,118.18,112.49,132.68,297.02,140.59,309.67,314.64,1802.52,291.83,53.80
2006-02-07,dsm2,base,66,87088.20,64042.20,6918.00,7499.31,1184.54,836.76,347.78,85322.35,0.00,0.00,307.50,2.68,4.51,2.82,4.06,162.70,162.70,199.43,230.89,314.86,180.62,125.77,125.77,210.93,118.28,176.38,786.36,993.42,329.17,185.50,184.63,2976.20,156.38,133.82,2350.00,384.89,131.85,199.69,250.30,338.23,184.20,207.70,309.63,340.13,148.80,1527.98,114.15,110.37,126.17,298.87,131.82,317.27,300.78,1685.65,291.41,53.80
2006-02-08,dsm2,base,66,85626.40,64319.40,7033.00,8656.08,1270.45,918.65,351.80,82732.87,0.00,0.00,306.70,2.97,4.35,3.24,3.85,158.29,158.29,198.11,210.10,312.82,178.76,123.03,123.03,209.36,116.19,174.93,717.83,938.63,247.01,184.43,183.57,2524.14,153.28,130.38,2073.13,323.97,127.78,198.31,250.60,340.84,180.94,207.64,317.44,332.52,147.41,1315.73,113.80,110.82,124.06,299.70,128.18,314.65,300.25,1627.04,292.25,53.80
2006-02-09,dsm2,base,66,82179.50,64516.50,7065.00,8649.72,1326.32,969.26,357.06,79268.46,0.00,0.00,296.30,3.22,4.13,3.60,3.64,154.96,154.96,196.43,190.06,309.39,177.52,122.43,122.43,207.73,116.19,174.37,674.78,881.63,198.89,183.62,182.90,2397.04,150.73,127.69,1693.86,290.68,125.24,196.74,247.26,339.34,166.29,208.67,317.28,322.00,146.91,966.78,114.74,112.40,123.63,300.62,128.36,310.19,293.88,1633.12,291.17,53.80
2006-02-10,dsm2,base,66,75989.20,64015.20,6974.00,9112.61,1402.93,1039.38,363.55,72447.66,0.00,0.00,288.80,3.32,3.89,3.81,3.30,152.16,152.16,195.51,178.47,298.91,176.22,123.10,123.10,206.23,117.38,174.19,623.98,822.79,183.27,183.76,182.86,2413.80,149.34,126.70,1484.97,270.79,124.53,195.68,246.39,333.85,175.82,210.44,314.02,309.37,147.48,897.30,116.25,114.00,124.57,299.47,130.02,299.88,296.38,1663.59,287.64,53.80
2006-02-11,dsm2,base,66,69513.20,63691.20,6940.00,9105.71,1555.82,1190.31,365.51,65791.67,0.00,0.00,280.40,3.33,3.74,3.76,3.08,150.75,150.75,195.57,172.35,290.96,175.37,124.29,124.29,204.74,118.78,174.58,583.14,766.57,183.97,184.26,183.36,2578.49,148.85,126.61,1422.76,257.07,124.76,195.77,249.15,326.00,187.16,212.17,304.55,296.29,148.86,954.28,117.09,114.22,126.47,292.09,131.18,291.83,299.85,1681.02,282.53,53.80
2006-02-12,dsm2,base,66,65626.60,62688.60,6881.00,9169.78,1668.03,1287.24,380.79,61669.79,0.00,0.00,291.70,3.20,3.74,3.46,3.16,150.15,150.15,196.15,170.15,285.67,174.62,125.22,125.22,203.39,119.22,175.09,549.00,726.01,193.00,184.44,183.64,2839.82,149.04,127.28,1476.00,247.28,125.47,196.31,248.19,317.61,200.31,214.03,296.76,287.00,149.78,984.78,117.76,118.31,126.91,288.33,132.37,289.54,297.61,1655.90,281.16,53.80
2006-02-13,dsm2,base,66,60041.90,57195.90,6831.00,8521.17,1817.04,1440.26,376.78,56534.69,0.00,0.00,302.90,3.05,3.82,3.18,3.33,149.87,149.87,195.19,169.31,296.65,174.38,125.53,125.53,202.04,121.06,174.65,517.29,696.50,210.29,184.04,183.19,2927.15,149.18,127.78,1693.64,242.31,125.92,195.34,244.15,319.76,224.96,214.44,290.95,280.68,150.01,987.09,124.08,126.27,129.02,285.43,134.18,300.62,294.22,1610.79,277.22,53.80
2006-02-14,dsm2,base,66,54195.20,51406.20,6931.00,9180.96,1867.05,1522.22,344.83,50078.19,0.00,0.00,304.60,2.58,3.99,2.68,3.47,150.02,150.02,193.51,170.06,305.98,173.90,128.19,128.19,200.91,127.17,173.77,485.99,666.21,246.54,182.83,182.08,2772.40,150.00,129.01,2070.22,247.39,126.52,193.68,242.00,326.75,277.05,213.55,299.93,276.49,151.29,970.96,130.40,131.96,133.94,290.13,137.85,308.31,295.37,1534.16,278.66,53.80
2006-02-15,dsm2,base,66,49572.90,46836.90,6945.00,9952.92,1862.84,1586.15,276.69,44702.14,0.00,0.00,310.80,2.33,4.12,2.14,3.59,150.66,150.66,191.50,170.20,307.96,173.37,131.97,131.97,199.34,133.14,172.90,467.41,636.81,296.69,181.38,180.61,2573.28,151.44,132.92,2552.08,263.06,128.86,191.70,240.86,330.09,338.46,212.75,309.06,274.02,153.43,941.90,133.47,133.91,138.59,293.28,141.87,311.12,297.45,1422.62,278.55,53.80
2006-02-16,dsm2,base,66,45697.30,42900.30,6623.00,11817.97,1824.57,1534.15,290.42,38677.76,0.00,0.00,321.70,1.99,4.15,1.69,3.79,151.77,151.77,187.91,170.50,313.98,172.97,135.23,135.23,198.14,135.83,171.78,460.38,606.03,368.30,179.33,178.59,2323.10,152.89,137.84,3089.21,294.94,131.82,188.16,234.88,331.44,386.29,211.08,311.13,271.99,154.51,929.93,134.46,134.23,141.36,295.51,144.29,318.15,292.32,1349.75,269.11,53.80
2006-02-17,dsm2,base,66,41896.80,39259.80,6568.00,10702.44,1516.06,1382.46,133.60,36246.30,0.00,0.00,259.61,1.61,3.97,1.38,3.68,152.73,152.73,182.85,171.71,312.31,173.22,137.40,137.40,198.41,136.71,170.51,464.54,580.26,449.77,176.54,176.10,2223.61,154.16,142.74,3459.15,335.65,134.60,182.93,227.97,338.59,441.78,208.61,316.16,270.17,154.69,926.40,135.43,135.61,142.38,293.04,145.81,305.09,289.68,1298.87,267.73,53.80
2006-02-18,dsm2,base,66,39790.40,37157.40,6641.00,10665.53,1264.36,1313.95,-49.59,34501.51,0.00,0.00,290.80,1.33,3.67,1.19,3.42,155.13,155.13,182.88,175.67,266.28,173.93,138.79,138.79,204.19,137.55,171.12,502.50,607.16,476.99,176.57,176.08,2372.76,155.46,144.16,3413.74,361.00,140.72,183.14,232.54,311.74,393.91,211.98,317.06,270.54,156.41,1051.70,137.66,138.03,144.24,282.33,148.02,273.09,297.16,1363.14,263.45,53.80
2006-02-19,dsm2,base,66,37367.00,34740.00,6500.00,10601.95,1467.88,1425.88,42.00,31797.17,0.00,0.00,310.80,1.21,3.37,1.20,3.18,157.22,157.22,183.20,183.40,295.55,175.22,140.43,140.43,212.49,139.90,172.18,561.91,659.79,473.14,177.20,176.73,2890.11,157.39,145.51,3311.19,370.47,146.92,183.24,232.00,309.43,358.10,218.26,274.10,273.41,159.02,1213.30,139.72,139.54,146.61,276.80,150.36,300.75,298.41,1499.15,256.35,53.80
2006-02-20,dsm2,base,66,35335.00,32760.00,6241.00,10552.11,1823.54,1736.82,86.72,29200.35,0.00,0.00,312.90,1.47,3.22,1.41,2.98,159.12,159.12,184.43,191.17,314.61,176.94,142.54,142.54,221.05,141.97,173.86,637.23,732.40,451.77,178.50,178.01,3474.97,159.57,146.21,3375.61,372.85,150.92,184.45,231.15,335.87,330.30,224.88,296.79,276.04,162.09,1423.84,141.52,141.10,148.90,290.31,152.72,317.67,294.46,1645.14,261.94,53.80
2006-02-21,dsm2,base,66,33280.00,30780.00,5997.00,10644.64,1812.49,1717.69,94.80,26819.87,0.00,0.00,315.40,1.89,3.28,1.90,2.99,160.80,160.80,185.99,201.49,316.06,179.45,144.60,144.60,228.36,143.90,176.12,709.05,833.55,461.81,179.83,179.51,3599.01,161.86,148.43,3826.98,388.70,154.49,186.09,233.15,350.22,355.05,227.39,316.64,280.11,164.56,1712.57,143.21,142.15,150.70,303.71,154.42,319.54,297.11,1711.69,262.22,53.80
2006-02-22,dsm2,base,66,31449.50,29218.50,5825.00,10980.05,2142.21,1936.56,205.65,24152.24,0.00,0.00,312.90,2.47,3.43,2.59,3.09,160.90,160.90,186.67,214.06,319.64,181.33,146.52,146.52,232.64,145.75,177.93,723.82,884.30,577.19,180.95,180.67,3225.06,163.75,155.43,4532.61,426.52,156.70,186.66,227.96,355.36,643.99,221.83,320.95,283.40,166.38,2524.65,144.27,142.14,152.06,297.41,155.23,323.67,294.00,1717.45,265.54,54.40
2006-02-23,dsm2,base,66,30154.60,28056.60,5506.00,10116.57,2362.55,1987.40,375.15,23181.48,0.00,0.00,333.30,3.16,3.55,3.55,3.13,159.70,159.70,187.19,226.82,324.45,180.11,148.65,148.65,227.19,147.22,178.25,697.23,872.67,877.11,181.80,181.76,2646.39,165.31,185.45,5612.88,536.13,155.61,187.64,225.75,363.85,1249.59,210.76,323.69,286.74,167.37,2508.49,144.34,140.69,153.02,302.61,155.30,328.89,292.78,1650.50,276.85,54.40
2006-02-24,dsm2,base,66,28695.70,26795.70,5014.00,10630.63,2364.60,1975.83,388.77,20714.47,0.00,0.00,336.10,3.76,3.62,4.47,3.11,159.13,159.13,189.36,244.66,341.80,180.06,154.06,154.06,219.72,148.14,178.06,681.86,821.87,1277.27,182.67,182.53,2355.53,166.54,255.84,6428.36,749.29,156.58,189.90,224.90,376.81,1802.43,203.12,328.44,285.38,168.27,2323.76,143.86,140.95,153.52,292.03,155.60,344.54,287.79,1619.24,276.33,59.60
2006-02-25,dsm2,base,66,29100.00,27315.00,4806.00,10579.05,2343.91,1963.95,379.96,20983.04,0.00,0.00,351.30,4.03,3.60,5.12,3.01,159.31,159.31,190.55,277.80,345.77,180.97,167.94,167.94,213.77,148.55,178.45,727.10,776.62,1707.00,183.63,183.24,2259.59,167.17,359.01,7021.09,1055.39,165.19,190.77,223.96,385.37,2164.72,199.63,335.74,278.15,168.92,2215.83,144.53,142.81,153.62,296.39,156.76,349.22,283.34,1571.73,277.55,59.60
2006-02-26,dsm2,base,66,31016.90,29250.90,5063.00,10345.34,1443.65,1376.25,67.40,24290.91,0.00,0.00,391.69,4.19,3.51,5.29,2.98,160.80,160.80,190.74,328.15,360.44,181.92,185.90,185.90,209.42,148.86,179.33,836.60,770.39,2039.16,184.59,184.14,2272.24,167.54,434.48,6979.17,1336.76,184.38,191.19,224.60,382.20,2148.84,198.51,346.11,270.91,169.18,2182.60,144.82,131.03,154.30,300.95,157.94,365.68,281.52,1552.28,274.62,59.60
2006-02-27,dsm2,base,66,36532.30,30111.30,5645.00,8435.32,-123.95,135.58,-259.53,33865.93,0.00,0.00,422.90,3.79,3.51,4.73,2.87,163.32,163.32,195.40,394.06,396.70,184.97,187.51,187.51,214.74,148.18,181.27,985.87,871.79,2140.05,187.46,187.02,2378.33,168.43,421.79,6309.27,1487.06,209.32,195.50,235.01,399.70,1876.62,200.33,355.21,258.66,169.49,2179.29,139.19,126.58,155.10,308.56,158.46,403.95,291.24,1582.99,291.07,59.60
2006-02-28,dsm2,base,66,43532.60,30855.60,6077.00,5579.82,-574.02,-267.50,-306.52,44603.80,0.00,0.00,399.60,3.80,3.60,4.60,2.71,166.23,166.23,202.63,450.13,422.91,188.71,171.68,171.68,225.60,143.31,184.98,1100.38,990.87,1995.34,192.34,191.78,2491.77,169.57,335.70,5623.00,1487.89,217.36,202.80,251.63,440.33,1454.81,208.28,385.60,260.47,169.38,2198.68,136.47,128.01,151.91,344.76,156.95,421.92,321.65,1633.19,338.31,54.40
2006-03-01,dsm2,base,66,47507.00,37530.00,6875.00,7185.52,-218.68,102.83,-321.51,47415.16,0.00,0.00,356.70,3.76,3.72,4.28,3.03,168.45,168.45,208.29,507.64,396.72,190.81,161.65,161.65,230.43,140.44,188.37,1182.60,1103.74,1810.62,196.65,195.92,2501.79,170.18,283.05,4967.80,1404.60,209.69,208.66,266.16,446.75,1213.87,219.37,420.18,264.21,169.95,2090.41,134.00,117.16,151.50,380.46,157.55,391.98,358.56,1680.91,368.60,54.40
2006-03-02,dsm2,base,66,99612.40,51836.40,7800.00,7264.36,-929.98,-555.20,-374.78,101078.02,0.00,0.00,341.30,3.55,3.69,3.77,2.97,169.56,169.56,211.19,518.59,356.86,192.32,145.23,145.23,231.82,128.58,190.29,1216.08,1208.77,1435.99,199.28,198.46,2424.62,168.90,200.98,3451.89,1240.73,186.37,211.72,272.55,411.90,742.80,225.75,403.59,265.44,167.77,2013.03,111.93,96.23,137.64,366.80,146.34,356.88,363.50,1675.93,353.78,53.80
2006-03-03,dsm2,base,66,125330.90,62280.90,8627.00,6432.52,-1070.91,-720.41,-350.50,128596.29,0.00,0.00,316.86,3.32,3.65,3.31,3.00,169.01,169.01,215.88,455.07,337.10,192.99,116.34,116.34,231.90,103.00,192.02,1201.78,1272.73,817.07,202.21,201.24,2375.33,162.36,133.53,1786.70,880.32,148.10,216.70,279.93,378.59,248.04,239.00,363.05,271.22,159.54,1959.56,99.55,95.33,116.87,350.05,131.24,337.19,385.15,1699.34,342.40,53.80
2006-03-04,dsm2,base,66,124363.00,63324.00,10322.00,8922.31,427.37,374.81,52.56,125335.32,0.00,0.00,300.55,2.95,3.57,2.99,3.01,162.79,162.79,220.14,360.86,314.10,190.84,109.18,109.18,224.46,98.92,192.67,1136.50,1303.60,352.61,203.79,202.76,2430.91,158.68,116.77,1022.57,575.69,121.76,221.36,287.06,351.53,148.58,256.11,338.27,275.43,157.43,1752.35,96.40,91.81,114.34,337.80,127.08,315.31,401.62,1697.02,334.12,53.80
2006-03-05,dsm2,base,66,120717.30,62799.30,11379.00,8245.13,19.72,283.79,-264.07,123831.45,0.00,0.00,262.71,2.44,3.60,2.65,2.97,157.33,157.33,227.81,281.90,288.42,190.90,100.74,100.74,217.39,90.97,195.56,1086.45,1319.75,190.58,205.89,204.72,2516.94,154.97,112.40,782.96,433.52,116.77,228.52,297.57,319.81,125.74,277.63,313.63,273.99,160.97,1752.10,87.80,83.74,105.14,321.66,118.19,287.33,415.07,1697.76,319.31,53.80
2006-03-06,dsm2,base,66,127188.70,61148.70,11917.00,6879.69,-1860.60,-1476.08,-384.52,134086.61,0.00,0.00,209.53,2.15,3.61,2.40,2.94,153.49,153.49,238.63,236.49,244.01,194.64,93.91,93.91,221.55,88.45,201.32,1064.85,1320.63,141.19,212.34,211.00,2573.22,151.42,106.17,644.14,362.03,114.17,239.22,309.43,280.40,106.73,296.77,281.70,277.54,165.84,1801.00,88.70,87.85,100.13,299.96,112.91,242.63,415.29,1680.98,299.25,53.80
2006-03-07,dsm2,base,66,138347.00,62901.00,12208.00,7060.80,-2010.70,-1640.19,-370.51,145504.90,0.00,0.00,198.54,2.09,3.77,2.15,3.22,150.84,150.84,252.13,207.39,206.66,200.23,95.23,95.23,227.86,92.11,208.90,1055.00,1302.19,119.36,221.75,220.26,2591.79,150.60,106.29,527.61,329.45,116.96,252.79,317.17,230.23,101.34,307.00,232.59,285.00,175.55,1881.43,92.03,91.91,101.69,254.22,109.59,208.54,428.91,1677.53,267.64,53.80
2006-03-08,dsm2,base,66,148555.90,63297.90,12592.00,7038.48,-1471.81,-1318.38,-153.43,155581.23,0.00,0.00,192.45,2.13,3.90,2.21,3.31,149.81,149.81,263.23,190.57,197.43,205.96,95.64,95.64,235.24,92.53,216.77,1008.33,1276.71,111.46,230.65,228.86,2453.38,152.23,106.16,466.14,291.61,118.70,263.92,324.20,218.95,103.86,301.34,211.72,295.76,181.34,1783.68,92.03,92.28,100.20,234.80,108.09,199.70,448.76,1610.36,253.96,53.80
2006-03-09,dsm2,base,66,151989.00,63900.00,12788.00,6658.62,-1677.86,-1427.40,-250.46,159796.24,0.00,1.00,190.86,2.42,4.05,2.58,3.39,149.65,149.65,271.15,175.25,193.46,211.85,95.44,95.44,240.75,92.50,222.29,970.13,1232.68,110.23,239.05,237.13,2351.68,153.88,105.35,395.31,272.96,114.62,272.04,336.35,212.66,103.80,290.87,203.79,307.13,182.52,1548.76,92.42,92.75,98.88,227.05,108.36,196.14,458.79,1526.43,267.10,53.80
2006-03-10,dsm2,base,66,141567.00,64350.00,12671.00,6660.07,-1513.18,-1381.08,-132.10,149091.11,0.00,1.00,181.10,2.42,4.17,2.46,3.51,151.02,151.02,281.41,160.19,188.67,216.68,96.24,96.24,244.29,93.53,227.57,885.88,1145.66,110.37,247.67,245.37,2190.54,156.76,106.29,426.76,250.83,111.19,281.93,348.85,210.10,103.24,275.52,201.55,317.99,181.56,1380.75,93.29,93.06,103.42,213.26,111.82,190.57,460.23,1417.22,232.31,53.80
2006-03-11,dsm2,base,66,125716.00,63360.00,12538.00,6616.46,478.72,358.96,119.76,131158.82,0.00,1.00,188.46,2.41,4.33,2.52,3.65,153.86,153.86,286.81,145.15,184.24,218.69,99.10,99.10,241.65,96.60,231.79,799.79,1032.32,110.68,252.01,250.15,2091.03,159.78,107.91,504.18,227.03,107.44,287.43,354.59,198.36,103.31,258.12,191.22,326.42,181.22,1164.71,98.02,96.83,108.16,207.85,118.15,186.63,451.73,1333.30,236.28,53.80
2006-03-12,dsm2,base,66,111969.00,61920.00,12071.00,6963.16,153.79,226.91,-73.12,116923.05,0.00,1.00,201.21,2.49,4.46,2.46,3.83,157.37,157.37,292.41,136.09,193.28,220.90,105.83,105.83,243.16,102.69,233.82,717.81,943.30,112.04,256.08,254.01,1970.99,161.87,111.80,608.56,200.71,112.97,293.05,360.95,204.41,106.07,244.25,190.59,332.24,176.46,912.14,102.63,101.52,114.41,210.86,126.97,196.36,425.83,1251.49,230.86,53.80
2006-03-13,dsm2,base,66,100622.00,60750.00,11488.00,6767.03,57.60,40.98,16.62,105285.37,0.00,1.00,199.79,2.42,4.47,2.29,3.87,160.50,160.50,298.50,137.72,202.36,221.71,111.29,111.29,247.91,105.63,234.19,639.30,852.63,115.67,258.49,256.40,1825.07,164.18,115.82,757.60,188.91,118.77,299.06,371.72,225.05,115.75,233.23,204.13,342.92,172.21,788.54,105.36,105.15,119.44,236.90,131.55,204.83,401.96,1175.24,250.09,53.80
2006-03-14,dsm2,base,66,98956.00,61200.00,11450.00,6300.35,-924.85,-738.34,-186.51,105030.50,0.00,1.00,213.53,2.41,4.44,2.19,3.79,164.18,164.18,311.26,145.76,206.86,224.86,115.64,115.64,253.01,110.58,237.76,599.48,783.83,119.07,263.83,261.14,1790.77,166.87,118.87,763.76,187.29,124.06,312.53,383.06,231.56,118.89,224.85,210.72,353.74,168.87,811.58,111.12,111.66,127.28,228.41,138.40,210.85,411.52,1157.81,245.82,53.80
2006-03-15,dsm2,base,66,99057.00,61650.00,11667.00,6351.83,-236.77,-214.51,-22.26,104608.94,0.00,1.00,218.07,2.30,4.32,1.96,3.73,167.45,167.45,324.84,153.09,217.79,226.23,121.89,121.89,258.23,116.41,240.37,554.25,726.66,126.16,269.42,267.12,1740.71,169.20,123.90,773.29,188.02,129.12,326.07,390.53,245.81,129.63,219.72,219.87,369.13,167.92,796.83,115.83,115.86,133.41,241.49,142.81,220.99,435.03,1169.64,251.46,53.80
2006-03-16,dsm2,base,66,94167.70,61391.70,11879.00,6094.69,-492.26,-229.86,-262.40,100444.27,0.00,1.00,200.92,2.19,4.25,1.89,3.70,171.17,171.17,348.40,161.30,214.89,229.63,126.50,126.50,262.22,119.70,247.17,533.65,689.62,129.62,280.25,276.80,1792.80,171.22,129.47,750.83,191.82,136.99,349.74,375.06,252.60,131.53,220.90,228.07,383.96,169.30,825.76,117.71,116.93,135.53,249.68,144.77,216.54,458.33,1204.57,249.99,53.80
2006-03-17,dsm2,base,66,94319.90,61326.90,11958.00,6945.64,-246.03,-63.52,-182.51,99578.29,0.00,1.00,192.01,2.14,4.15,1.88,3.62,173.76,173.76,365.19,169.68,200.20,232.77,128.65,128.65,260.48,120.88,253.18,518.41,657.25,134.85,291.32,286.58,1853.63,172.46,132.56,766.88,196.73,138.75,366.37,362.29,237.47,136.57,224.86,218.17,396.41,170.21,857.41,118.67,118.40,136.92,241.91,146.31,201.95,479.66,1230.03,239.79,53.80
2006-03-18,dsm2,base,66,88967.20,60118.20,11713.00,6856.86,769.76,763.88,5.88,93053.58,0.00,1.00,190.26,2.02,4.05,1.88,3.56,175.39,175.39,365.41,172.42,192.08,233.15,130.03,130.03,258.44,122.44,252.80,505.48,638.08,139.17,289.89,286.22,1961.51,173.56,134.24,801.22,202.87,139.38,367.04,389.29,219.30,138.79,228.17,202.32,403.37,171.45,879.23,120.79,119.95,138.66,243.69,147.53,193.57,481.62,1259.07,241.45,53.80
2006-03-19,dsm2,base,66,86202.40,59675.40,11929.00,5937.78,1571.49,1443.10,128.39,90622.13,0.00,1.00,196.38,1.83,3.92,1.82,3.45,176.37,176.37,361.93,171.09,192.83,232.85,131.18,131.18,255.40,123.65,252.45,497.24,610.00,142.21,288.64,285.14,2057.92,174.15,136.31,884.79,207.07,139.08,364.53,397.29,210.78,140.24,229.03,194.49,409.06,172.15,889.21,120.88,119.67,137.92,233.18,147.32,194.72,448.44,1260.28,238.77,53.80
2006-03-20,dsm2,base,66,84832.40,59225.40,12067.00,7996.32,794.30,988.18,-193.88,88108.78,0.00,1.00,198.27,1.71,3.82,1.83,3.33,176.81,176.81,359.61,170.82,197.27,233.32,130.19,130.19,254.96,123.22,251.28,496.31,615.69,143.60,286.89,282.77,2182.02,174.45,137.97,923.59,212.32,142.14,362.18,416.72,212.39,139.21,224.82,197.39,413.00,172.52,971.73,120.81,119.03,136.06,242.52,146.13,198.83,416.98,1291.29,244.98,53.80
2006-03-21,dsm2,base,66,85642.20,60388.20,12183.00,8250.51,1042.61,971.58,71.03,88532.08,0.00,1.00,197.57,1.89,3.78,2.00,3.32,177.08,177.08,353.32,171.13,198.93,232.35,129.55,129.55,256.67,122.72,248.19,508.89,618.82,143.48,283.59,280.22,2318.32,174.76,138.94,1009.09,216.44,141.15,355.88,424.92,223.22,137.77,218.15,200.67,419.12,172.25,1039.36,120.44,119.07,134.28,255.57,144.08,201.39,382.62,1292.38,260.02,53.80
2006-03-22,dsm2,base,66,82441.70,60671.70,11838.00,5511.14,1726.52,1542.82,183.70,87042.04,0.00,1.00,199.37,2.08,3.79,2.15,3.40,176.81,176.81,358.57,167.33,200.94,232.24,129.47,129.47,257.68,123.32,247.93,508.58,617.23,144.10,285.44,281.39,2300.17,174.45,139.33,1095.18,218.24,139.39,359.94,382.48,228.11,138.49,212.22,201.97,425.91,171.45,1052.58,120.86,118.68,133.87,241.09,143.34,203.99,389.63,1296.06,252.84,53.80
2006-03-23,dsm2,base,66,80173.10,59813.10,11658.00,4439.24,1755.05,1564.60,190.45,85636.81,0.00,1.00,203.63,2.31,3.75,2.39,3.33,176.40,176.40,366.02,163.98,204.19,231.91,130.34,130.34,258.95,123.48,248.06,497.90,614.42,145.57,290.75,286.45,2167.76,174.45,139.73,1224.02,215.29,140.98,367.72,359.71,231.85,142.18,208.85,205.18,432.01,169.70,1057.77,119.95,117.66,134.01,244.17,140.29,207.22,395.32,1264.83,235.06,53.80
2006-03-24,dsm2,base,66,77014.20,59290.20,11400.00,3933.56,835.00,926.52,-91.52,83645.64,0.00,1.00,211.44,2.77,3.67,3.05,3.10,175.64,175.64,375.88,166.95,208.72,234.38,130.64,130.64,260.54,123.25,251.99,488.71,622.02,148.50,302.67,295.91,2066.80,174.31,139.43,1253.98,215.71,145.20,376.57,334.31,232.54,148.97,208.32,208.06,436.13,168.20,1081.45,119.94,118.55,134.06,240.22,140.05,211.88,382.70,1242.95,229.52,53.80
2006-03-25,dsm2,base,66,82139.00,59904.00,11508.00,3889.52,-77.58,68.23,-145.81,89835.06,0.00,1.00,214.01,3.10,3.71,3.63,2.96,174.80,174.80,388.52,174.90,214.58,239.66,131.73,131.73,262.29,124.37,265.61,476.66,621.87,154.91,318.90,314.47,2033.45,174.25,139.38,1166.52,223.18,147.01,389.02,275.60,240.38,157.66,210.31,215.23,438.53,168.21,1100.61,122.22,121.40,135.74,238.41,144.88,217.69,362.41,1240.64,228.94,53.80
2006-03-26,dsm2,base,66,100234.80,60382.80,11979.00,4023.13,471.47,397.56,73.91,107719.20,0.00,1.00,200.46,3.51,3.74,3.73,3.09,174.63,174.63,384.91,180.17,211.54,243.84,132.34,132.34,264.74,125.13,274.28,450.02,605.44,160.19,331.97,328.29,1882.26,174.06,139.67,1076.39,220.60,146.00,385.23,254.00,236.58,160.38,212.00,220.93,439.27,168.78,1098.21,121.78,119.93,135.45,247.35,143.20,212.19,314.47,1188.38,231.40,53.80
2006-03-27,dsm2,base,66,102789.40,62150.40,12600.00,3943.18,-528.81,-343.93,-184.88,111975.03,0.00,1.00,199.57,3.64,3.91,3.91,3.33,175.15,175.15,366.88,182.10,201.63,251.34,130.18,130.18,267.84,121.22,286.98,446.62,617.47,156.80,339.06,335.67,1836.37,173.78,137.83,892.84,219.56,144.08,365.91,247.86,218.05,147.73,215.37,211.79,440.72,169.33,1050.03,115.92,112.26,135.06,231.56,144.43,203.08,274.63,1210.05,219.31,53.80
2006-03-28,dsm2,base,66,104098.20,63079.20,12488.00,4566.13,-939.56,-780.16,-159.40,112959.63,0.00,1.00,198.70,3.76,4.06,4.00,3.23,174.94,174.94,346.40,184.61,200.23,254.08,126.56,126.56,271.24,115.55,287.10,435.32,610.58,158.46,333.52,331.01,1691.57,174.22,133.91,852.42,215.92,140.40,345.54,241.57,214.92,152.43,219.76,206.46,446.08,167.68,964.93,113.03,111.29,133.49,215.27,142.93,202.18,265.46,1166.02,212.19,53.80
2006-03-29,dsm2,base,66,104897.80,62389.80,13125.00,4638.35,-1489.91,-1224.69,-265.22,114874.36,0.00,1.00,196.32,3.76,4.29,4.00,3.44,175.32,175.32,334.34,183.05,199.10,256.05,127.00,127.00,272.54,118.30,282.60,425.98,598.18,159.13,324.85,322.86,1601.04,175.18,131.28,830.57,214.00,138.07,333.04,240.21,215.42,155.55,223.54,206.19,452.38,168.81,889.00,116.49,114.73,136.35,216.06,144.00,200.97,269.79,1170.19,212.09,53.80
2006-03-30,dsm2,base,66,104365.10,62711.10,14633.00,4012.56,-107.83,-62.86,-44.97,115093.37,0.00,1.00,195.80,3.80,4.48,4.08,3.73,176.45,176.45,324.21,177.10,197.32,254.36,129.65,129.65,270.90,120.15,278.86,408.07,560.62,157.09,316.66,314.83,1487.18,175.93,132.91,844.82,207.82,137.89,323.48,232.47,211.53,156.13,222.90,202.45,456.02,172.26,832.47,116.68,114.37,137.43,214.17,144.74,198.87,260.10,1122.64,208.83,53.80
2006-03-31,dsm2,base,66,106494.00,62802.00,14854.00,3859.79,-739.57,-484.91,-254.66,118227.78,0.00,1.00,174.08,3.68,4.67,4.16,3.85,177.07,177.07,312.32,174.53,187.41,255.32,129.84,129.84,271.10,119.97,279.16,383.78,539.18,158.16,313.09,311.34,1376.61,177.59,134.20,831.32,203.29,140.54,311.78,224.26,206.62,158.44,218.71,199.73,455.35,173.62,764.42,116.36,113.67,137.32,208.83,146.23,187.65,243.52,1070.85,205.58,53.80
2006-04-01,dsm2,base,66,115954.10,63471.60,15054.00,3926.02,426.70,434.75,-8.05,126655.38,0.00,1.00,153.28,3.39,4.72,3.93,3.92,178.02,178.02,294.53,173.43,166.66,256.66,128.91,128.91,270.24,118.95,278.75,364.56,498.12,154.69,307.62,306.50,1250.38,179.60,134.99,779.40,199.95,138.67,294.13,209.68,185.95,154.22,215.15,181.41,452.80,172.96,569.97,115.08,112.72,136.33,202.44,146.14,166.65,225.91,1036.90,190.71,53.80
2006-04-02,dsm2,base,66,120598.90,65825.10,16225.00,3352.81,-249.20,84.36,-333.56,133720.29,0.00,1.00,161.70,3.16,4.65,3.66,3.98,179.05,179.05,269.76,170.63,158.48,258.87,125.66,125.66,270.05,115.35,278.53,347.77,474.45,146.88,299.39,298.41,1190.14,180.15,135.49,679.59,197.48,139.53,269.00,188.32,164.81,140.15,213.18,161.98,447.93,170.78,522.72,110.99,107.62,131.69,177.10,143.03,159.52,203.65,1015.38,168.99,53.80
2006-04-03,dsm2,base,66,138141.60,66880.80,16696.00,2958.72,-1715.18,-1339.38,-375.80,153594.06,0.00,1.00,152.93,2.72,4.44,3.05,3.84,178.81,178.81,242.46,171.57,158.31,260.71,118.13,118.13,274.04,110.42,273.55,342.62,469.08,140.39,285.93,286.21,1188.91,179.53,133.53,506.33,197.09,136.59,241.10,177.42,168.66,130.96,208.94,166.15,442.77,167.55,557.16,106.63,104.77,125.51,165.18,137.56,158.62,184.81,1029.56,165.77,53.80
2006-04-04,dsm2,base,66,177153.10,68302.80,17000.00,2621.80,-4551.64,-3981.25,-570.39,196082.94,0.00,1.00,162.85,2.11,4.19,2.27,3.73,178.83,178.83,215.63,172.92,160.90,261.69,112.15,112.15,285.94,105.69,263.64,340.18,491.84,135.29,264.69,265.68,1254.19,176.75,129.33,341.67,200.94,136.24,214.78,182.47,180.74,130.24,200.45,164.12,438.86,159.26,603.09,101.51,100.27,123.01,172.75,132.74,162.52,183.80,1067.93,175.48,53.80
2006-04-05,dsm2,base,66,208721.60,77961.60,18767.00,1531.35,-4236.52,-3932.62,-303.90,230193.77,0.00,1.00,161.23,1.78,4.09,1.87,3.48,180.00,180.00,203.31,172.59,168.18,256.34,101.01,101.01,289.04,92.35,255.97,364.31,507.66,131.72,240.96,242.54,1506.88,170.74,122.12,211.34,207.92,128.23,202.41,206.91,214.94,128.69,200.15,180.07,437.22,150.57,663.76,87.66,88.22,103.48,207.04,118.30,169.17,206.10,1140.38,210.27,53.80
2006-04-06,dsm2,base,66,212950.90,83511.00,20787.00,1531.83,-3520.09,-3291.05,-229.04,235726.16,0.00,1.00,149.86,1.55,3.99,1.53,3.44,174.18,174.18,229.31,164.15,162.98,253.95,89.40,89.40,279.49,81.30,256.71,379.69,516.73,125.30,250.15,249.95,1600.91,157.04,110.08,157.42,211.03,114.40,229.39,218.08,190.58,116.10,209.10,180.54,436.91,152.48,701.87,79.89,79.47,82.06,230.59,97.32,163.12,222.09,1143.14,193.99,53.80
2006-04-07,dsm2,base,66,198519.80,82704.60,21888.00,2307.97,-4016.79,-3743.66,-273.13,222116.62,0.00,1.00,136.86,1.47,3.99,1.33,3.45,170.95,170.95,225.10,150.29,150.32,258.63,85.47,85.47,279.36,78.11,263.35,401.45,527.44,115.12,261.50,261.59,1769.63,160.65,104.78,158.54,206.93,107.45,223.82,191.04,176.05,106.97,212.00,169.05,436.94,160.90,759.98,78.26,76.90,83.82,201.05,99.79,150.35,201.42,1128.41,178.24,53.80
2006-04-08,dsm2,base,66,185323.10,79083.00,23183.00,2965.80,-2436.32,-2498.95,62.63,207976.62,0.00,1.00,123.28,1.46,3.93,1.35,3.29,175.80,175.80,201.65,139.80,135.55,254.61,87.22,87.22,280.03,80.28,254.96,416.63,525.60,108.68,242.44,243.66,1796.51,171.25,106.93,174.16,196.18,105.14,200.43,174.68,160.95,105.09,204.55,152.82,438.45,161.99,789.94,81.48,79.19,92.93,188.19,108.66,135.64,184.48,1109.68,162.94,53.80
2006-04-09,dsm2,base,66,174971.80,76567.50,27542.00,2897.14,135.20,-6.72,141.92,199481.46,0.00,1.00,150.37,1.53,3.95,1.33,3.40,180.35,180.35,177.20,128.89,141.23,242.67,91.80,91.80,265.05,84.48,239.20,433.25,506.88,107.30,217.31,218.93,1778.29,173.82,112.88,208.44,185.47,106.33,176.86,153.11,150.40,108.66,194.50,139.23,441.02,158.83,782.89,85.01,83.61,101.59,162.18,123.22,143.34,158.86,1099.74,148.17,53.80
2006-04-10,dsm2,base,66,166586.80,75600.00,31108.00,2858.32,249.19,84.34,164.85,194587.29,0.00,1.00,149.03,1.64,3.93,1.41,3.33,179.88,179.88,155.27,123.28,150.48,225.43,95.54,95.54,249.11,87.85,212.84,437.43,515.71,110.43,184.74,186.32,1655.19,171.88,116.76,241.61,172.37,109.02,154.72,157.22,153.24,112.67,185.27,153.40,441.49,153.19,796.94,87.49,86.04,110.62,159.20,128.11,150.99,155.31,1044.95,154.99,53.80
2006-04-11,dsm2,base,66,158466.30,73800.00,32246.00,2797.07,-375.61,-301.59,-74.02,188290.84,0.00,1.00,135.14,1.71,3.89,1.45,3.29,175.85,175.85,157.39,126.23,142.61,207.91,98.57,98.57,230.55,91.04,192.77,442.87,535.19,114.10,176.12,176.92,1567.12,166.58,119.82,269.23,166.70,114.36,157.29,153.68,150.89,115.01,182.85,147.61,439.82,149.30,813.86,91.24,90.07,113.69,158.55,127.56,143.28,154.63,1020.88,151.37,53.80
2006-04-12,dsm2,base,66,165156.90,72152.10,34300.00,2695.70,-1402.56,-1120.77,-281.79,198163.76,0.00,1.00,120.26,1.83,3.80,1.64,3.17,168.73,168.73,153.75,136.18,127.73,194.99,101.94,101.94,218.37,95.60,178.46,449.60,568.39,117.42,170.71,171.05,1535.94,160.88,121.00,256.91,169.00,119.78,153.71,143.77,136.33,116.13,174.34,133.85,435.75,149.37,856.03,95.43,94.51,112.92,147.43,126.61,128.24,145.54,1026.70,138.23,53.80
2006-04-13,dsm2,base,66,164550.60,72054.00,34767.00,2915.45,-454.55,-483.90,29.35,196856.70,0.00,1.00,126.87,1.99,3.74,1.93,3.14,164.15,164.15,140.35,145.13,125.03,183.53,103.81,103.81,208.76,98.06,167.28,455.66,583.00,119.26,159.75,160.02,1565.16,158.41,120.77,250.63,178.08,121.48,140.22,132.55,132.19,116.35,162.49,124.69,427.97,146.15,908.94,97.39,96.08,115.21,136.27,128.16,126.48,131.59,1047.38,130.82,53.80
2006-04-14,dsm2,base,66,168134.80,71028.00,34480.00,1567.32,9.14,61.71,-52.57,201038.34,0.00,1.00,139.97,2.23,3.74,2.33,3.00,160.43,160.43,141.24,148.14,136.80,172.58,103.54,103.54,197.89,97.55,157.78,455.79,580.07,119.70,153.18,153.21,1586.13,154.12,119.93,250.51,184.37,121.04,141.08,142.16,143.94,116.74,154.08,134.61,416.13,141.70,950.65,96.19,95.16,112.45,150.40,125.29,138.54,139.96,1055.83,142.33,53.80
2006-04-15,dsm2,base,66,178415.38,72019.80,33681.00,72.56,-334.49,-112.54,-221.95,212358.31,0.00,1.00,139.16,2.39,3.66,2.64,2.74,154.27,154.27,154.04,148.47,141.80,167.56,99.98,99.98,188.35,94.12,158.81,448.42,573.16,119.24,160.39,160.22,1556.19,147.74,116.09,244.99,189.65,117.94,154.05,153.30,150.37,114.99,154.54,144.40,401.43,139.03,971.19,92.57,92.00,105.14,160.46,117.90,142.88,152.61,1053.72,150.91,53.80
2006-04-16,dsm2,base,66,183865.20,72871.20,32883.00,5298.05,-729.69,-450.37,-279.32,212179.84,0.00,1.00,138.37,2.46,3.69,2.83,2.79,147.87,147.87,154.29,146.94,139.70,168.28,96.40,96.40,184.79,91.44,164.15,445.40,569.67,116.36,165.29,165.29,1603.88,142.90,110.99,221.41,192.48,114.04,154.22,148.08,143.50,111.43,159.06,142.47,387.15,138.06,989.14,90.84,90.22,102.11,148.19,109.04,140.10,147.99,1084.88,144.43,53.80
2006-04-17,dsm2,base,66,187385.00,73800.00,31646.00,2390.57,1495.95,1325.36,170.59,215144.48,0.00,1.00,140.00,2.46,3.64,2.87,2.85,143.47,143.47,149.49,140.01,139.67,166.37,95.97,95.97,183.49,92.24,162.59,429.83,539.51,112.09,160.92,161.08,1586.43,140.16,108.37,228.92,184.21,108.49,149.30,144.20,143.13,108.37,160.40,141.05,370.76,136.41,996.38,92.57,91.58,100.99,143.44,107.40,140.27,142.85,1045.29,141.98,53.80
2006-04-18,dsm2,base,66,180196.50,74250.00,30863.00,2142.70,2083.02,1857.72,225.30,206833.78,0.00,1.00,140.00,2.27,3.61,2.53,2.99,141.83,141.83,148.13,130.64,141.41,162.69,94.15,94.15,179.24,90.11,159.31,419.48,522.71,108.83,156.86,157.05,1622.30,138.49,106.82,229.02,178.35,107.13,148.14,146.49,145.23,108.95,157.94,142.53,351.17,135.86,1075.75,87.04,86.87,101.82,152.14,107.84,141.87,144.68,1034.41,144.94,53.80
2006-04-19,dsm2,base,66,166159.20,72900.00,30893.00,2792.80,2271.92,2026.54,245.38,191987.48,0.00,1.00,139.76,2.14,3.53,2.38,2.94,140.41,140.41,150.96,127.25,141.63,160.80,90.70,90.70,176.44,86.16,158.44,415.10,516.36,108.05,157.88,157.97,1655.14,137.10,103.43,256.09,170.37,102.93,150.91,148.00,144.85,104.81,156.51,143.23,331.15,132.99,1236.69,86.90,85.59,98.80,152.78,105.60,142.05,146.41,1003.91,145.52,53.80
2006-04-20,dsm2,base,66,148731.00,70880.40,31025.00,2707.00,2160.74,1925.79,234.95,174888.26,0.00,1.00,133.73,2.03,3.54,2.21,2.97,139.70,139.70,150.56,123.51,138.11,159.96,94.24,94.24,174.82,91.09,158.35,420.43,520.29,105.27,158.50,158.58,1744.08,136.03,105.34,283.59,167.06,104.05,150.58,145.76,141.50,105.06,155.47,141.41,313.48,132.92,1341.96,91.63,90.46,103.19,149.70,108.13,138.27,145.00,1006.32,142.91,53.80
2006-04-21,dsm2,base,66,133803.50,67702.50,30983.00,5771.51,2049.00,1705.92,343.08,156965.99,0.00,1.00,122.78,2.04,3.60,2.12,3.03,139.31,139.31,145.78,118.93,128.86,158.50,98.44,98.44,171.17,95.65,156.93,420.68,503.54,105.52,155.43,155.68,1753.71,136.91,107.90,340.20,162.14,104.41,145.79,137.61,132.33,107.50,154.24,133.74,298.01,133.44,1422.90,95.65,94.73,106.61,140.23,113.87,128.75,138.23,985.24,134.24,53.80
2006-04-22,dsm2,base,66,125207.20,65971.80,30921.00,5979.56,1749.84,1463.16,286.68,148398.80,0.00,1.00,120.00,2.12,3.68,2.23,3.09,139.23,139.23,136.98,114.48,121.98,155.89,102.17,102.17,168.75,99.12,152.44,411.90,494.56,107.79,148.81,149.10,1733.46,137.55,110.45,425.93,158.64,106.79,136.92,128.09,123.99,109.31,150.86,124.35,281.90,133.22,1428.49,98.71,98.04,109.34,128.01,117.90,122.22,128.46,947.15,124.65,53.80
2006-04-23,dsm2,base,66,117945.30,65483.10,30743.00,6691.36,1364.37,1113.09,251.28,140632.57,0.00,1.00,119.69,2.28,3.77,2.37,3.15,138.87,138.87,129.16,113.69,120.48,151.78,104.99,104.99,165.55,101.35,146.32,393.59,484.29,110.46,141.35,141.66,1667.70,137.46,112.53,497.04,155.14,109.37,128.99,124.23,122.01,111.81,144.35,121.81,268.80,132.34,1383.40,100.39,99.74,112.09,123.57,120.26,120.84,123.59,892.41,121.86,53.80
2006-04-24,dsm2,base,66,110466.00,64474.20,30688.00,4155.70,1172.11,977.64,194.47,135826.19,0.00,1.00,112.40,2.72,3.88,2.66,3.24,138.55,138.55,127.14,115.19,116.12,147.17,107.49,107.49,161.11,102.74,140.68,377.93,469.00,113.38,136.40,136.58,1633.44,136.22,113.89,593.50,150.47,110.99,126.98,122.41,118.18,115.00,138.83,119.71,257.28,129.96,1293.27,101.39,100.98,114.32,121.76,121.34,116.17,121.73,843.49,119.20,53.80
2006-04-25,dsm2,base,66,105914.90,64885.50,30688.00,5189.10,1153.39,905.96,247.43,130260.41,0.00,1.00,110.00,3.19,4.01,3.11,3.32,137.29,137.29,123.41,116.35,111.45,143.20,109.78,109.78,156.75,104.44,136.77,360.92,453.41,116.49,133.02,133.27,1565.74,134.03,114.88,644.76,147.91,112.38,123.16,115.98,113.05,118.94,136.10,113.56,246.55,128.11,1162.49,103.10,103.08,115.69,114.92,120.87,111.74,115.45,815.05,113.10,53.80
2006-04-26,dsm2,base,66,101791.70,64399.50,30858.00,4173.83,2029.45,1580.08,449.37,126446.43,0.00,1.00,109.76,3.50,4.12,3.70,3.28,135.15,135.15,119.90,117.27,111.03,139.22,111.88,111.88,154.05,106.40,132.24,335.46,430.15,120.67,128.30,128.52,1483.78,132.06,115.64,728.08,145.99,113.83,119.84,115.00,113.24,125.14,132.34,112.43,237.14,127.48,1021.56,104.64,104.04,116.49,116.92,120.69,111.57,113.27,789.91,112.71,53.80
2006-04-27,dsm2,base,66,98104.60,64624.50,31098.00,4181.83,2181.16,1670.94,510.22,122839.61,0.00,1.00,104.02,3.77,4.12,4.40,3.16,133.36,133.36,121.99,118.15,108.12,135.77,112.78,112.78,151.41,107.21,129.80,311.64,401.40,123.00,127.43,127.59,1408.31,131.12,116.50,775.39,146.11,115.08,121.88,116.19,111.47,124.85,129.29,111.90,228.11,126.30,897.87,105.03,104.36,117.47,118.78,121.20,108.49,114.35,757.10,111.82,53.80
2006-04-28,dsm2,base,66,94086.80,63526.50,31245.00,5564.70,1861.93,1460.58,401.35,117905.17,0.00,1.00,100.00,3.84,4.03,4.87,2.98,132.32,132.32,121.04,118.61,103.30,134.20,113.11,113.11,149.40,107.97,129.50,291.36,368.07,126.37,128.40,128.52,1350.65,130.10,116.88,787.36,146.09,115.04,120.95,112.16,106.63,134.06,128.37,106.80,220.58,125.84,818.89,106.59,106.28,117.59,113.56,120.87,103.78,110.74,754.01,106.83,53.80
2006-04-29,dsm2,base,66,96488.50,64492.20,31187.00,6124.96,1477.40,1105.53,371.87,120073.14,0.00,1.00,100.00,3.84,3.92,5.01,2.92,131.19,131.19,116.86,118.22,101.40,132.65,114.02,114.02,148.31,109.52,128.04,274.67,343.11,127.56,126.23,126.39,1354.50,129.35,117.59,796.88,144.72,115.66,116.72,107.88,104.21,133.04,126.76,103.56,214.70,126.40,790.40,108.09,106.64,117.73,109.26,120.69,102.10,106.36,752.49,103.90,53.80
2006-04-30,dsm2,base,66,98516.80,63959.40,30992.00,6110.45,1747.93,1230.50,517.43,121650.42,0.00,1.00,100.00,3.66,3.88,4.64,3.00,130.69,130.69,115.62,118.47,101.74,130.73,113.87,113.87,147.89,109.08,125.98,262.63,331.46,124.91,123.68,123.79,1384.13,129.23,118.15,774.45,143.15,116.54,115.51,109.21,105.12,128.09,124.84,103.87,210.27,126.07,785.31,106.46,103.72,117.27,111.46,121.06,102.54,105.96,751.40,104.56,53.80
2006-05-01,dsm2,base,66,97739.20,63693.00,30846.00,6229.26,1717.30,1235.69,481.61,120638.64,0.00,1.00,100.00,3.25,3.88,3.82,3.10,130.39,130.39,114.66,118.72,102.26,129.02,111.60,111.60,146.24,106.50,124.74,252.46,318.88,123.54,123.00,123.09,1399.58,128.45,117.42,793.09,141.19,115.12,114.61,108.59,105.92,122.29,123.80,104.16,204.49,124.69,780.99,102.90,99.98,114.99,116.31,119.01,102.82,106.66,735.12,105.53,53.80
2006-05-02,dsm2,base,66,93271.10,64287.00,30846.00,2726.98,1482.11,1002.96,479.15,119908.01,0.00,1.00,100.00,2.80,3.89,2.94,3.22,129.35,129.35,113.77,117.33,102.47,127.23,108.72,108.72,144.30,103.52,123.03,247.62,308.15,121.87,121.18,121.30,1415.72,126.75,115.60,841.56,138.36,112.75,113.68,109.43,106.24,119.18,123.28,104.46,198.58,123.06,773.26,100.08,97.33,112.15,117.26,116.89,103.03,107.41,711.24,106.10,53.80
2006-05-03,dsm2,base,66,84810.10,64287.00,30351.00,1923.95,1264.19,940.90,323.29,111972.96,0.00,1.00,100.00,2.20,3.98,2.34,3.30,128.12,128.12,112.27,115.10,102.64,125.09,107.23,107.23,142.17,102.01,121.41,245.62,305.32,120.19,120.06,120.14,1415.03,125.18,113.90,954.37,136.52,111.21,112.23,109.15,106.65,119.13,122.88,104.64,191.25,121.46,740.96,98.74,96.41,111.44,118.37,116.46,103.25,107.29,690.21,106.82,53.80
2006-05-04,dsm2,base,66,78208.70,63607.50,29901.00,1689.32,747.26,384.12,363.14,105673.12,0.00,1.00,100.00,1.81,4.08,1.75,3.54,127.11,127.11,112.63,113.03,102.43,123.65,106.65,106.65,140.31,101.51,120.50,245.99,303.98,119.32,119.68,119.76,1390.47,123.77,112.97,1027.59,133.06,110.64,112.60,108.88,106.48,122.02,123.20,104.52,181.14,120.78,694.50,98.50,95.78,111.84,117.36,116.95,103.05,107.51,651.24,106.71,53.80
2006-05-05,dsm2,base,66,73207.80,63273.60,29471.00,1666.43,588.59,267.19,321.40,100423.78,0.00,1.00,100.00,1.57,4.13,1.36,3.67,126.16,126.16,112.54,111.76,102.43,122.95,106.45,106.45,138.75,101.11,120.01,250.52,304.38,120.22,119.25,119.39,1381.79,123.07,112.29,1088.41,130.99,110.33,112.46,108.83,106.84,130.12,123.03,104.39,175.31,120.46,696.89,97.79,96.25,113.17,117.64,117.93,103.09,107.32,606.55,106.70,53.80
2006-05-06,dsm2,base,66,71403.70,62358.30,28976.00,1664.90,600.80,254.01,346.79,98114.00,0.00,1.00,100.00,1.30,4.10,1.16,3.64,125.54,125.54,113.19,111.10,102.57,122.50,106.32,106.32,138.36,101.50,119.98,255.62,304.93,122.30,119.54,119.62,1356.64,122.95,111.53,1154.79,130.05,110.01,113.13,109.36,107.50,131.26,122.08,104.58,172.80,120.30,673.47,99.04,97.14,114.52,118.93,118.35,103.26,107.73,575.92,107.10,53.80
2006-05-07,dsm2,base,66,69761.49,60961.50,28496.00,1663.91,1106.34,637.38,468.96,95487.24,0.00,1.00,100.00,1.23,4.07,1.05,3.65,125.48,125.48,114.47,110.81,103.03,122.51,107.22,107.22,138.29,102.47,120.41,262.20,305.17,122.22,120.04,120.09,1386.68,123.13,111.46,1203.43,128.86,109.92,114.37,110.64,108.70,129.11,121.31,105.09,173.36,119.95,773.77,99.59,98.85,115.22,122.42,118.81,103.76,108.65,558.33,108.20,53.80
2006-05-08,dsm2,base,66,67118.29,58347.00,28129.00,1609.13,933.07,480.89,452.18,92705.09,0.00,1.00,100.00,1.31,4.02,1.17,3.58,125.66,125.66,116.13,110.57,103.05,122.92,107.82,107.82,138.19,103.07,121.41,267.60,307.41,120.52,121.51,121.52,1405.12,123.20,111.70,1271.42,127.94,110.13,116.14,111.42,108.99,127.20,121.28,105.39,175.19,120.18,833.12,102.07,101.05,114.92,123.18,119.04,103.76,109.50,545.43,108.51,53.80
2006-05-09,dsm2,base,66,63753.75,54915.30,27778.00,1677.93,1191.97,676.84,515.13,88661.85,0.00,1.00,100.00,1.59,3.98,1.54,3.49,125.80,125.80,116.34,110.84,103.20,123.59,109.56,109.56,139.78,105.32,122.30,273.46,311.24,121.18,121.97,122.02,1394.37,123.49,112.76,1349.30,128.45,111.12,116.32,111.50,109.39,128.88,121.52,105.48,177.90,120.93,873.71,103.94,104.27,115.58,124.43,119.56,103.94,109.55,550.43,108.81,53.80
2006-05-10,dsm2,base,66,60295.14,51566.40,27325.00,1358.10,1499.68,928.57,571.11,84762.36,0.00,1.00,100.00,2.05,4.00,2.04,3.46,126.30,126.30,117.02,111.66,103.43,123.82,111.17,111.17,141.71,107.64,122.77,273.80,317.53,122.33,122.23,122.29,1370.83,124.23,114.06,1472.64,131.67,112.70,116.97,112.29,110.17,130.70,122.08,105.82,181.49,122.14,905.17,107.90,109.82,117.03,126.16,120.31,104.18,110.18,544.35,109.35,53.80
2006-05-11,dsm2,base,66,59173.87,50718.60,27266.00,1425.80,1557.88,1054.01,503.87,83456.20,0.00,1.00,100.00,2.54,4.08,2.67,3.44,127.11,127.11,117.76,112.91,103.50,124.28,113.96,113.96,142.66,112.28,123.40,266.07,316.85,126.67,123.08,123.13,1315.19,125.15,115.82,1690.46,136.47,114.54,117.65,112.76,110.14,137.07,122.78,106.02,178.71,123.92,875.75,112.34,110.93,119.48,126.86,121.95,104.23,110.64,550.60,109.57,53.80
2006-05-12,dsm2,base,66,59502.68,51304.50,27208.00,1146.59,1403.44,916.93,486.51,84160.65,0.00,1.00,100.00,3.01,4.08,3.34,3.28,128.01,128.01,118.24,113.98,103.27,124.83,117.35,117.35,143.66,114.63,123.97,253.10,303.62,139.06,123.77,123.79,1243.18,126.28,118.37,1815.04,141.27,117.51,118.15,112.74,109.55,151.91,123.19,105.78,171.48,124.54,814.20,110.21,102.88,120.62,125.04,123.28,103.96,110.68,545.02,109.02,53.80
2006-05-13,dsm2,base,66,59427.95,51168.60,27037.00,1139.13,1405.55,951.46,454.09,83920.27,0.00,1.00,100.00,3.41,4.07,3.85,3.21,128.73,128.73,116.50,115.86,103.11,125.15,117.41,117.41,143.60,110.07,123.92,239.12,289.20,151.26,123.30,123.36,1191.29,126.72,120.23,1807.27,145.31,119.38,116.39,111.64,109.19,166.29,123.32,105.50,167.97,123.48,776.68,102.57,96.07,118.09,123.93,121.56,103.79,109.63,546.49,108.51,53.80
2006-05-14,dsm2,base,66,58911.20,50788.80,26865.00,1134.72,2042.05,1426.96,615.09,82599.43,0.00,1.00,100.00,3.66,4.00,4.27,3.23,128.71,128.71,116.88,118.53,103.34,125.03,113.74,113.74,143.47,104.60,123.38,228.03,278.21,163.27,122.73,122.76,1154.82,125.99,118.94,1909.39,148.65,117.69,116.72,112.30,109.80,185.09,123.46,105.61,166.52,122.69,716.46,99.72,94.45,114.57,125.52,118.45,104.03,110.11,541.59,108.93,53.80
2006-05-15,dsm2,base,66,57732.29,50071.50,26688.00,1181.55,1866.81,1357.45,509.36,81371.93,0.00,1.00,100.00,3.73,4.00,4.46,3.15,127.73,127.73,116.33,119.27,103.14,124.93,111.33,111.33,142.90,102.51,123.28,220.12,267.52,173.81,122.94,122.95,1155.13,125.06,116.66,1890.40,152.40,114.62,116.26,111.72,109.41,193.24,123.25,105.54,164.95,122.57,703.86,98.48,94.24,112.45,124.66,116.83,103.78,109.88,550.59,108.62,53.80
2006-05-16,dsm2,base,66,56864.73,49590.00,26210.00,1681.18,1843.37,1365.93,477.44,79550.18,0.00,1.00,100.00,3.74,3.97,4.46,3.05,126.65,126.65,115.50,117.29,102.97,124.74,110.30,110.30,142.16,101.88,122.80,212.84,257.42,179.86,122.21,122.22,1143.76,124.53,114.90,1974.79,152.30,112.96,115.39,111.13,109.28,207.71,123.17,105.19,162.65,122.17,654.63,98.64,94.41,111.74,123.56,116.23,103.58,109.21,545.03,108.11,53.80
2006-05-17,dsm2,base,66,55258.82,48318.30,25900.00,1262.02,1952.65,1484.37,468.28,77944.15,0.00,1.00,100.00,3.53,3.97,4.07,3.12,125.94,125.94,115.22,115.19,102.93,124.42,110.03,110.03,141.63,101.92,122.20,209.62,252.10,186.09,121.63,121.63,1144.74,124.19,114.04,2048.15,153.93,112.14,115.11,110.92,109.19,228.08,122.88,105.07,160.35,121.75,647.13,98.14,93.15,111.10,123.73,115.66,103.53,109.18,544.02,108.00,53.80
2006-05-18,dsm2,base,66,52991.31,46386.00,25749.00,6167.00,2006.12,1562.36,443.76,70567.19,0.00,1.00,100.00,3.19,3.93,3.46,3.21,125.55,125.55,116.54,113.61,102.89,124.23,109.68,109.68,141.52,101.00,122.02,204.30,247.49,194.71,121.40,121.39,1118.32,123.86,113.28,2229.75,151.61,111.77,116.43,111.12,109.38,251.65,122.18,105.01,157.77,121.17,589.45,96.97,92.40,110.51,123.78,114.88,103.47,108.88,537.54,106.30,53.80
2006-05-19,dsm2,base,66,51905.20,45648.00,25529.00,7092.43,1542.54,1206.77,335.77,68799.23,0.00,1.00,100.00,2.80,3.86,2.99,3.30,125.08,125.08,117.31,112.97,102.74,124.54,108.75,108.75,141.31,99.98,122.49,205.24,245.80,202.87,121.89,121.87,1161.44,123.15,112.60,2382.61,150.98,111.01,117.15,110.26,108.92,271.29,121.28,104.82,156.43,120.31,484.79,96.51,92.59,109.81,121.34,114.06,103.30,108.53,531.27,105.38,53.80
2006-05-20,dsm2,base,66,50734.83,44624.70,25243.00,6095.38,1264.98,850.60,414.38,68617.47,0.00,1.00,100.00,2.38,3.70,2.33,3.31,124.52,124.52,116.68,112.51,102.28,124.97,107.72,107.72,140.74,99.62,122.98,209.27,250.34,207.59,122.12,122.16,1236.09,122.32,111.63,2379.38,149.60,110.10,116.42,109.17,108.10,269.26,120.27,104.29,155.95,119.43,612.74,96.38,91.87,109.71,119.17,114.43,102.78,107.30,523.41,104.53,53.80
2006-05-21,dsm2,base,66,49863.67,43917.30,25029.00,5844.00,-186.75,-184.25,-2.50,69235.41,0.00,1.00,100.00,2.19,3.45,2.10,3.13,124.04,124.04,115.17,115.50,101.88,127.36,106.94,106.94,152.29,99.30,123.52,227.74,277.95,206.25,122.71,122.65,1388.53,121.84,111.00,2227.24,149.08,112.84,114.89,108.16,106.52,238.01,119.70,103.49,162.96,118.65,729.95,95.46,90.58,110.48,117.01,115.35,102.35,105.90,534.39,103.73,53.80
2006-05-22,dsm2,base,66,50616.59,44276.40,25184.00,5286.42,55.47,-161.35,216.82,70458.70,0.00,1.00,100.00,2.44,3.25,2.40,2.80,124.32,124.32,115.69,122.19,100.98,128.57,106.26,106.26,165.40,98.90,124.92,262.70,320.47,202.38,124.49,124.44,1567.66,122.37,110.71,2020.12,151.31,113.50,115.54,108.46,105.93,219.77,119.68,103.54,175.85,118.17,847.58,95.10,89.76,110.83,109.94,115.85,101.29,105.55,584.60,103.55,53.80
2006-05-23,dsm2,base,66,50269.47,43857.90,25317.00,6405.19,1001.91,794.99,206.92,68179.37,0.00,1.00,100.00,3.01,3.14,3.08,2.59,125.71,125.71,117.63,126.81,103.53,129.69,106.15,106.15,170.60,98.51,127.25,305.24,369.71,204.48,127.33,127.32,1676.91,123.09,110.61,1950.02,160.42,112.78,117.40,110.49,111.13,222.58,120.29,106.15,186.40,118.52,884.44,94.53,89.84,110.49,124.82,115.71,103.91,107.26,632.33,106.29,53.80
2006-05-24,dsm2,base,66,48792.81,42407.10,25406.00,6107.00,1008.05,818.57,189.48,67083.76,0.00,1.00,100.00,3.48,3.15,4.09,2.64,127.06,127.06,122.47,129.07,103.74,131.38,106.35,106.35,174.74,98.33,129.70,334.02,420.11,218.99,131.05,131.08,1689.78,123.78,111.13,2029.71,174.88,112.79,122.31,114.15,111.11,237.68,121.58,108.07,193.84,119.35,923.67,95.40,92.50,110.59,126.89,115.26,103.96,111.77,662.94,107.75,53.80
2006-05-25,dsm2,base,66,48388.61,41858.10,25321.00,6131.73,911.66,692.39,219.27,66666.22,0.00,1.00,100.00,3.96,3.24,5.25,2.77,127.83,127.83,125.10,130.47,103.55,133.69,107.23,107.23,178.82,99.80,132.66,346.86,439.97,245.96,135.08,135.09,1579.76,124.54,112.28,2232.15,195.96,113.30,124.86,112.65,110.41,265.50,123.52,107.54,198.77,121.02,960.35,97.70,95.03,111.48,124.15,116.00,103.81,110.90,666.85,107.42,53.80
2006-05-26,dsm2,base,66,46261.55,39622.50,25420.00,6537.14,811.10,458.01,353.09,64333.32,0.00,1.00,100.00,4.34,3.40,5.97,2.77,128.41,128.41,123.88,128.27,103.30,133.82,109.27,109.27,170.26,101.86,133.59,337.32,423.81,289.19,134.49,134.57,1440.19,125.18,114.29,2579.84,212.06,111.78,123.59,111.82,110.35,317.52,124.63,107.42,210.85,122.90,985.30,98.77,96.90,111.92,122.76,116.31,103.55,111.17,660.87,107.22,53.80
2006-05-27,dsm2,base,66,42769.62,36388.80,25538.00,6453.84,1263.95,877.88,386.07,60589.82,0.00,1.00,100.00,4.53,3.61,6.32,3.01,128.37,128.37,122.60,122.90,103.09,133.11,111.03,111.03,161.90,103.37,132.32,318.53,398.74,359.41,131.73,131.88,1315.31,126.17,118.85,3139.44,233.21,112.33,122.35,110.53,108.69,413.67,124.99,106.00,216.12,124.40,960.76,100.61,100.50,113.28,121.34,117.20,103.60,109.54,631.80,106.22,53.80
2006-05-28,dsm2,base,66,39602.32,33593.40,25291.00,6706.76,1366.78,931.31,435.47,56819.78,0.00,1.00,100.00,4.50,3.84,6.14,3.33,128.60,128.60,121.56,119.78,103.38,133.02,112.93,112.92,159.79,105.79,131.36,304.85,374.94,452.56,129.75,129.88,1195.78,127.58,125.18,3753.16,264.35,113.85,121.31,110.84,109.62,582.63,124.87,105.84,217.58,125.92,857.39,103.61,105.14,115.21,122.77,118.85,103.97,108.91,599.52,106.27,53.80
2006-05-29,dsm2,base,66,36897.00,31227.30,24454.00,6545.86,1337.78,866.23,471.55,53467.37,0.00,1.00,100.00,4.23,4.00,5.32,3.49,129.16,129.16,123.04,119.08,103.64,133.22,114.96,114.96,159.05,108.93,131.28,299.64,356.95,579.45,129.65,129.78,1093.00,129.18,135.93,4292.27,313.53,115.43,122.86,112.65,111.37,766.98,124.50,106.19,214.58,127.33,693.93,107.22,109.88,117.46,123.88,121.21,104.30,110.14,565.24,106.82,53.80
2006-05-30,dsm2,base,66,34472.85,29079.90,23178.00,4443.29,1466.60,969.73,496.87,51740.96,0.00,1.00,100.00,3.75,4.06,4.15,3.42,130.36,130.36,125.65,119.19,104.12,133.76,117.58,117.58,159.22,112.58,132.24,307.78,344.25,702.52,131.06,131.16,993.78,130.85,146.11,4786.31,366.88,117.73,125.47,114.74,114.44,902.20,124.55,106.68,209.70,128.76,588.57,110.74,112.57,120.32,125.75,123.89,104.85,110.83,529.23,107.64,54.40
2006-05-31,dsm2,base,66,32889.16,27772.20,21984.00,5060.86,1509.47,1031.00,478.47,48302.83,0.00,1.00,100.00,3.22,4.02,3.22,3.39,132.37,132.37,127.71,119.69,104.64,134.60,120.19,120.19,160.11,116.03,133.73,320.97,343.83,753.18,132.79,132.84,958.18,132.68,145.39,5004.48,383.16,120.04,127.40,116.08,118.30,939.64,125.24,107.33,203.06,130.30,534.66,112.96,113.06,123.19,127.90,126.51,105.44,112.31,519.66,108.39,54.40
